dataset,users,items,interactions,density,inter_per_user_median,inter_per_user_p95,train_interactions,test_users,popularity_gini,min_user_interactions_filter
ml-1m,6034,3533,575272,0.026985116231157697,58.0,299.34999999999945,569238,6034,0.69883247628559,5
ml-20m,137477,22884,12192944,0.003875668236072533,43.0,317.0,12055467,137477,0.9043447056969932,5
goodbooks,53366,10000,4122007,0.007724032155304875,76.0,122.0,4068641,53366,0.6220878440769265,5
amazon-books,603668,367982,8898041,4.005619311926973e-05,8.0,40.0,8294373,603668,0.599516341037231,5
