dataset,backbone,ndcg_at_10_best,ann_ranking_stability,n_methods
ml-1m,bpr_matrix_factorization,0.0309962803818598,-0.9176629354822472,5
ml-1m,svd_bm25,0.0508262765295362,1.0,5
ml-1m,svd_none,0.0366669975815195,0.9176629354822472,5
ml-1m,svd_tfidf,0.0452003709869824,0.9176629354822472,5
