{
  "method": "hnsw",
  "param_name": "ef",
  "target_recall": 0.95,
  "target_reached": true,
  "calibrated_param_value": 64,
  "achieved_recall_vs_exact": 0.97171,
  "latency_ms_at_calibrated": {
    "mean": 0.047566600002255655,
    "p50": 0.046349999990979995,
    "p95": 0.06061499998395446
  },
  "topk": 100,
  "n_calibration_queries": 1000,
  "seed": 42,
  "sweep": [
    {
      "param_value": 8,
      "recall_vs_exact": 0.46005,
      "latency_ms": {
        "mean": 0.02012239999794474,
        "p50": 0.019100000031357922,
        "p95": 0.030504999983804734
      }
    },
    {
      "param_value": 16,
      "recall_vs_exact": 0.61746,
      "latency_ms": {
        "mean": 0.028237599997964935,
        "p50": 0.026900000079876918,
        "p95": 0.04040499998723134
      }
    },
    {
      "param_value": 32,
      "recall_vs_exact": 0.81369,
      "latency_ms": {
        "mean": 0.03894839999679789,
        "p50": 0.036000000022795575,
        "p95": 0.053319999989298573
      }
    },
    {
      "param_value": 64,
      "recall_vs_exact": 0.97171,
      "latency_ms": {
        "mean": 0.047566600002255655,
        "p50": 0.046349999990979995,
        "p95": 0.06061499998395446
      }
    }
  ],
  "dataset": "goodbooks",
  "weighting": "bm25",
  "dim": 128
}