{
  "method": "ivfflat",
  "param_name": "nprobe",
  "target_recall": 0.95,
  "target_reached": true,
  "calibrated_param_value": 8,
  "achieved_recall_vs_exact": 0.95382,
  "latency_ms_at_calibrated": {
    "mean": 0.02422359999945911,
    "p50": 0.02329999995254184,
    "p95": 0.03343500000596574
  },
  "topk": 100,
  "n_calibration_queries": 1000,
  "seed": 42,
  "sweep": [
    {
      "param_value": 1,
      "recall_vs_exact": 0.60317,
      "latency_ms": {
        "mean": 0.009467000001222914,
        "p50": 0.00919999990856013,
        "p95": 0.012599999990925426
      }
    },
    {
      "param_value": 2,
      "recall_vs_exact": 0.78066,
      "latency_ms": {
        "mean": 0.01670259999832524,
        "p50": 0.015999999959603883,
        "p95": 0.02251500000056693
      }
    },
    {
      "param_value": 4,
      "recall_vs_exact": 0.89606,
      "latency_ms": {
        "mean": 0.020178000000896645,
        "p50": 0.019299999962640868,
        "p95": 0.026800000000548607
      }
    },
    {
      "param_value": 8,
      "recall_vs_exact": 0.95382,
      "latency_ms": {
        "mean": 0.02422359999945911,
        "p50": 0.02329999995254184,
        "p95": 0.03343500000596574
      }
    }
  ],
  "dataset": "goodbooks",
  "weighting": "bm25",
  "dim": 128
}