{
  "method": "hnsw",
  "param_name": "ef",
  "target_recall": 0.9,
  "target_reached": true,
  "calibrated_param_value": 64,
  "achieved_recall_vs_exact": 0.97171,
  "latency_ms_at_calibrated": {
    "mean": 0.04603959999917606,
    "p50": 0.0446999999894615,
    "p95": 0.057815000030814176
  },
  "topk": 100,
  "n_calibration_queries": 1000,
  "seed": 42,
  "sweep": [
    {
      "param_value": 8,
      "recall_vs_exact": 0.46005,
      "latency_ms": {
        "mean": 0.024190399997451095,
        "p50": 0.019800000018221908,
        "p95": 0.032720000018571206
      }
    },
    {
      "param_value": 16,
      "recall_vs_exact": 0.61746,
      "latency_ms": {
        "mean": 0.02582300000062787,
        "p50": 0.02509999990252254,
        "p95": 0.036025000025574606
      }
    },
    {
      "param_value": 32,
      "recall_vs_exact": 0.81369,
      "latency_ms": {
        "mean": 0.03503840000030323,
        "p50": 0.03299999991668301,
        "p95": 0.047925000023951704
      }
    },
    {
      "param_value": 64,
      "recall_vs_exact": 0.97171,
      "latency_ms": {
        "mean": 0.04603959999917606,
        "p50": 0.0446999999894615,
        "p95": 0.057815000030814176
      }
    }
  ],
  "dataset": "goodbooks",
  "weighting": "bm25",
  "dim": 128
}