{
  "method": "ivfflat",
  "param_name": "nprobe",
  "target_recall": 0.9,
  "target_reached": true,
  "calibrated_param_value": 8,
  "achieved_recall_vs_exact": 0.95382,
  "latency_ms_at_calibrated": {
    "mean": 0.02509379999810335,
    "p50": 0.023350000049049413,
    "p95": 0.03431000004070483
  },
  "topk": 100,
  "n_calibration_queries": 1000,
  "seed": 42,
  "sweep": [
    {
      "param_value": 1,
      "recall_vs_exact": 0.60317,
      "latency_ms": {
        "mean": 0.013233999993872203,
        "p50": 0.012599999990925426,
        "p95": 0.020004999953471266
      }
    },
    {
      "param_value": 2,
      "recall_vs_exact": 0.78066,
      "latency_ms": {
        "mean": 0.013024999996332554,
        "p50": 0.012699999956566899,
        "p95": 0.017004999961045538
      }
    },
    {
      "param_value": 4,
      "recall_vs_exact": 0.89606,
      "latency_ms": {
        "mean": 0.01712020000331904,
        "p50": 0.016599999980826396,
        "p95": 0.021500000002561137
      }
    },
    {
      "param_value": 8,
      "recall_vs_exact": 0.95382,
      "latency_ms": {
        "mean": 0.02509379999810335,
        "p50": 0.023350000049049413,
        "p95": 0.03431000004070483
      }
    }
  ],
  "dataset": "goodbooks",
  "weighting": "bm25",
  "dim": 128
}