{
  "method": "ivfpq",
  "param_name": "nprobe",
  "target_recall": 0.9,
  "target_reached": true,
  "calibrated_param_value": 8,
  "achieved_recall_vs_exact": 0.91404,
  "latency_ms_at_calibrated": {
    "mean": 0.06501720000119349,
    "p50": 0.06370000005517795,
    "p95": 0.0745199999869328
  },
  "topk": 100,
  "n_calibration_queries": 1000,
  "seed": 42,
  "sweep": [
    {
      "param_value": 1,
      "recall_vs_exact": 0.60885,
      "latency_ms": {
        "mean": 0.02859160000139127,
        "p50": 0.02779999999802385,
        "p95": 0.034020000026657705
      }
    },
    {
      "param_value": 2,
      "recall_vs_exact": 0.77416,
      "latency_ms": {
        "mean": 0.03804499999887412,
        "p50": 0.03209999999853608,
        "p95": 0.05569999996168917
      }
    },
    {
      "param_value": 4,
      "recall_vs_exact": 0.87308,
      "latency_ms": {
        "mean": 0.05888640000171108,
        "p50": 0.05729999998038693,
        "p95": 0.0694150000299487
      }
    },
    {
      "param_value": 8,
      "recall_vs_exact": 0.91404,
      "latency_ms": {
        "mean": 0.06501720000119349,
        "p50": 0.06370000005517795,
        "p95": 0.0745199999869328
      }
    }
  ],
  "dataset": "goodbooks",
  "weighting": "bm25",
  "dim": 128
}