{
  "method": "hnsw",
  "param_name": "ef",
  "target_recall": 0.9,
  "target_reached": true,
  "calibrated_param_value": 64,
  "achieved_recall_vs_exact": 0.97126,
  "latency_ms_at_calibrated": {
    "mean": 0.0445672000223567,
    "p50": 0.04360000002634479,
    "p95": 0.05432500051938403
  },
  "topk": 100,
  "n_calibration_queries": 1000,
  "seed": 42,
  "sweep": [
    {
      "param_value": 8,
      "recall_vs_exact": 0.46291,
      "latency_ms": {
        "mean": 0.018582200000309967,
        "p50": 0.017899999875226058,
        "p95": 0.025510000432404912
      }
    },
    {
      "param_value": 16,
      "recall_vs_exact": 0.61847,
      "latency_ms": {
        "mean": 0.02770520000376564,
        "p50": 0.025999999706982635,
        "p95": 0.041314999816677286
      }
    },
    {
      "param_value": 32,
      "recall_vs_exact": 0.81222,
      "latency_ms": {
        "mean": 0.030335600045873434,
        "p50": 0.029200000426499173,
        "p95": 0.04101000022274092
      }
    },
    {
      "param_value": 64,
      "recall_vs_exact": 0.97126,
      "latency_ms": {
        "mean": 0.0445672000223567,
        "p50": 0.04360000002634479,
        "p95": 0.05432500051938403
      }
    }
  ],
  "dataset": "goodbooks",
  "weighting": "bm25",
  "dim": 128
}