{
  "method": "hnsw",
  "param_name": "ef",
  "target_recall": 0.95,
  "target_reached": true,
  "calibrated_param_value": 64,
  "achieved_recall_vs_exact": 0.98485,
  "latency_ms_at_calibrated": {
    "mean": 0.054497399999718255,
    "p50": 0.0529999999798747,
    "p95": 0.06700500005649701
  },
  "topk": 100,
  "n_calibration_queries": 1000,
  "seed": 42,
  "sweep": [
    {
      "param_value": 8,
      "recall_vs_exact": 0.59684,
      "latency_ms": {
        "mean": 0.025138599997717392,
        "p50": 0.022950000015953265,
        "p95": 0.03920999994875273
      }
    },
    {
      "param_value": 16,
      "recall_vs_exact": 0.76733,
      "latency_ms": {
        "mean": 0.03417340000032709,
        "p50": 0.02920000008543866,
        "p95": 0.049145000065209346
      }
    },
    {
      "param_value": 32,
      "recall_vs_exact": 0.91269,
      "latency_ms": {
        "mean": 0.03539920000139318,
        "p50": 0.034199999959128036,
        "p95": 0.0477049999801693
      }
    },
    {
      "param_value": 64,
      "recall_vs_exact": 0.98485,
      "latency_ms": {
        "mean": 0.054497399999718255,
        "p50": 0.0529999999798747,
        "p95": 0.06700500005649701
      }
    }
  ],
  "dataset": "ml-1m",
  "weighting": "bm25",
  "dim": 128
}