{
  "method": "hnsw",
  "param_name": "ef",
  "target_recall": 0.9,
  "target_reached": true,
  "calibrated_param_value": 32,
  "achieved_recall_vs_exact": 0.91269,
  "latency_ms_at_calibrated": {
    "mean": 0.039524399997617365,
    "p50": 0.038200000005872425,
    "p95": 0.051709999974036684
  },
  "topk": 100,
  "n_calibration_queries": 1000,
  "seed": 42,
  "sweep": [
    {
      "param_value": 8,
      "recall_vs_exact": 0.59684,
      "latency_ms": {
        "mean": 0.021024999999099236,
        "p50": 0.019099999974514503,
        "p95": 0.03252000008160392
      }
    },
    {
      "param_value": 16,
      "recall_vs_exact": 0.76733,
      "latency_ms": {
        "mean": 0.031942999999273525,
        "p50": 0.03040000001419685,
        "p95": 0.04500500000403917
      }
    },
    {
      "param_value": 32,
      "recall_vs_exact": 0.91269,
      "latency_ms": {
        "mean": 0.039524399997617365,
        "p50": 0.038200000005872425,
        "p95": 0.051709999974036684
      }
    }
  ],
  "dataset": "ml-1m",
  "weighting": "bm25",
  "dim": 128
}