{
  "method": "hnsw",
  "param_name": "ef",
  "target_recall": 0.98,
  "target_reached": true,
  "calibrated_param_value": 64,
  "achieved_recall_vs_exact": 0.98485,
  "latency_ms_at_calibrated": {
    "mean": 0.04908280000040577,
    "p50": 0.04819999998062485,
    "p95": 0.06229999996776314
  },
  "topk": 100,
  "n_calibration_queries": 1000,
  "seed": 42,
  "sweep": [
    {
      "param_value": 8,
      "recall_vs_exact": 0.59684,
      "latency_ms": {
        "mean": 0.0234519999994518,
        "p50": 0.022250000085932697,
        "p95": 0.03319999996165279
      }
    },
    {
      "param_value": 16,
      "recall_vs_exact": 0.76733,
      "latency_ms": {
        "mean": 0.02861299999494804,
        "p50": 0.027700000032382377,
        "p95": 0.03801000001999454
      }
    },
    {
      "param_value": 32,
      "recall_vs_exact": 0.91269,
      "latency_ms": {
        "mean": 0.03876099999820326,
        "p50": 0.03739999999652355,
        "p95": 0.04949999993186793
      }
    },
    {
      "param_value": 64,
      "recall_vs_exact": 0.98485,
      "latency_ms": {
        "mean": 0.04908280000040577,
        "p50": 0.04819999998062485,
        "p95": 0.06229999996776314
      }
    }
  ],
  "dataset": "ml-1m",
  "weighting": "bm25",
  "dim": 128
}