{
  "method": "hnsw",
  "param_name": "ef",
  "target_recall": 0.9,
  "target_reached": true,
  "calibrated_param_value": 64,
  "achieved_recall_vs_exact": 0.9603,
  "latency_ms_at_calibrated": {
    "mean": 0.0749498000004678,
    "p50": 0.07340000001931912,
    "p95": 0.0964299999623108
  },
  "topk": 100,
  "n_calibration_queries": 1000,
  "seed": 42,
  "sweep": [
    {
      "param_value": 8,
      "recall_vs_exact": 0.5406,
      "latency_ms": {
        "mean": 0.04261219999784771,
        "p50": 0.039249999986168405,
        "p95": 0.06384999991269065
      }
    },
    {
      "param_value": 16,
      "recall_vs_exact": 0.70248,
      "latency_ms": {
        "mean": 0.04637540000203444,
        "p50": 0.04449999994449172,
        "p95": 0.062125000033574886
      }
    },
    {
      "param_value": 32,
      "recall_vs_exact": 0.86406,
      "latency_ms": {
        "mean": 0.061822599999004524,
        "p50": 0.05764999997381892,
        "p95": 0.08122000006665074
      }
    },
    {
      "param_value": 64,
      "recall_vs_exact": 0.9603,
      "latency_ms": {
        "mean": 0.0749498000004678,
        "p50": 0.07340000001931912,
        "p95": 0.0964299999623108
      }
    }
  ],
  "dataset": "ml-20m",
  "weighting": "bm25",
  "dim": 128
}