{
  "method": "hnsw",
  "param_name": "ef",
  "target_recall": 0.95,
  "target_reached": true,
  "calibrated_param_value": 64,
  "achieved_recall_vs_exact": 0.9603,
  "latency_ms_at_calibrated": {
    "mean": 0.07851960000175495,
    "p50": 0.07700000003296736,
    "p95": 0.10482000002980384
  },
  "topk": 100,
  "n_calibration_queries": 1000,
  "seed": 42,
  "sweep": [
    {
      "param_value": 8,
      "recall_vs_exact": 0.5406,
      "latency_ms": {
        "mean": 0.0402036000004955,
        "p50": 0.03850000001648368,
        "p95": 0.056810000035056867
      }
    },
    {
      "param_value": 16,
      "recall_vs_exact": 0.70248,
      "latency_ms": {
        "mean": 0.05100580000248556,
        "p50": 0.04834999998593048,
        "p95": 0.07312500000580255
      }
    },
    {
      "param_value": 32,
      "recall_vs_exact": 0.86406,
      "latency_ms": {
        "mean": 0.06156299999929615,
        "p50": 0.05989999999655993,
        "p95": 0.08085499997605433
      }
    },
    {
      "param_value": 64,
      "recall_vs_exact": 0.9603,
      "latency_ms": {
        "mean": 0.07851960000175495,
        "p50": 0.07700000003296736,
        "p95": 0.10482000002980384
      }
    }
  ],
  "dataset": "ml-20m",
  "weighting": "bm25",
  "dim": 128
}