{
  "modality": "u2i",
  "queries": 6037,
  "topk": 100,
  "metric_topk": 10,
  "recall_at_k_mean": 0.06907404339903926,
  "precision_at_k_mean": 0.006907404339903926,
  "hr_at_k_mean": 0.06907404339903926,
  "ndcg_at_k_mean": 0.032852431131132905,
  "map_at_k_mean": 0.022053290423341775,
  "mrr_at_k_mean": 0.022053290423341775,
  "ann_recall_vs_exact_at_k_mean": 0.9999171774059964,
  "recall_at_100_mean": 0.3306277952625476,
  "ann_recall_vs_exact_at_100_mean": 0.9684214517673058,
  "coverage_at_k": 0.3161619020662327,
  "gini_exposure": 0.9439316684765111,
  "long_tail_exposure": 0.0,
  "long_tail_uplift": -0.005502034277041128,
  "tail_frac": 0.2,
  "dataset": "ml-1m",
  "weighting": "bpr_matrix_factorization",
  "method": "hnsw",
  "detected_method": "hnsw",
  "N": 3533,
  "D": 128,
  "ef": 64,
  "nprobe": 16,
  "seed": 42
}