{
  "modality": "u2i",
  "queries": 6037,
  "topk": 100,
  "metric_topk": 10,
  "recall_at_k_mean": 0.06675501076693723,
  "precision_at_k_mean": 0.006675501076693723,
  "hr_at_k_mean": 0.06675501076693723,
  "ndcg_at_k_mean": 0.03262457556061112,
  "map_at_k_mean": 0.022454914272041986,
  "mrr_at_k_mean": 0.022454914272041986,
  "ann_recall_vs_exact_at_k_mean": 0.7895146595991387,
  "recall_at_100_mean": 0.3297995693225112,
  "ann_recall_vs_exact_at_100_mean": 0.9062237928263066,
  "coverage_at_k": 0.326917633739032,
  "gini_exposure": 0.941022502005629,
  "long_tail_exposure": 0.0,
  "long_tail_uplift": -0.005502034277041128,
  "tail_frac": 0.2,
  "dataset": "ml-1m",
  "weighting": "bpr_matrix_factorization",
  "method": "flatpq",
  "detected_method": "flatpq",
  "N": 3533,
  "D": 128,
  "ef": 128,
  "nprobe": 16,
  "seed": 42
}