{
  "modality": "u2i",
  "queries": 6037,
  "topk": 100,
  "metric_topk": 10,
  "recall_at_k_mean": 0.08249130362762962,
  "precision_at_k_mean": 0.008249130362762962,
  "hr_at_k_mean": 0.08249130362762962,
  "ndcg_at_k_mean": 0.04219897561183735,
  "map_at_k_mean": 0.030096218819922648,
  "mrr_at_k_mean": 0.030096218819922648,
  "ann_recall_vs_exact_at_k_mean": 0.9998012257743912,
  "recall_at_100_mean": 0.3433824747391088,
  "ann_recall_vs_exact_at_100_mean": 0.973493549564442,
  "coverage_at_k": 0.24228700820832155,
  "gini_exposure": 0.9639876202609617,
  "long_tail_exposure": 9.938711280437304e-05,
  "long_tail_uplift": -0.005402647164236755,
  "tail_frac": 0.2,
  "dataset": "ml-1m",
  "weighting": "svd_tfidf",
  "method": "hnsw",
  "detected_method": "hnsw",
  "N": 3533,
  "D": 128,
  "ef": 64,
  "nprobe": 16,
  "seed": 42
}