{
  "modality": "u2i",
  "queries": 2000,
  "topk": 100,
  "metric_topk": 10,
  "recall_at_k_mean": 0.0645,
  "precision_at_k_mean": 0.00645,
  "hr_at_k_mean": 0.0645,
  "ndcg_at_k_mean": 0.030996280381859847,
  "map_at_k_mean": 0.021030555555555556,
  "mrr_at_k_mean": 0.021030555555555556,
  "ann_recall_vs_exact_at_k_mean": 0.7680499999999999,
  "recall_at_100_mean": 0.321,
  "ann_recall_vs_exact_at_100_mean": 0.899993382425135,
  "coverage_at_k": 0.24709878290404755,
  "gini_exposure": 0.9445163034248514,
  "long_tail_exposure": 0.0,
  "long_tail_uplift": -0.005502034277041128,
  "tail_frac": 0.2,
  "dataset": "ml-1m",
  "weighting": "bpr_matrix_factorization",
  "method": "flatpq",
  "detected_method": "flatpq",
  "N": 3533,
  "D": 128,
  "ef": 128,
  "nprobe": 16,
  "seed": 42
}