{
  "modality": "u2i",
  "queries": 2000,
  "topk": 100,
  "metric_topk": 10,
  "recall_at_k_mean": 0.0675,
  "precision_at_k_mean": 0.00675,
  "hr_at_k_mean": 0.0675,
  "ndcg_at_k_mean": 0.03181675266443845,
  "map_at_k_mean": 0.021165873015873013,
  "mrr_at_k_mean": 0.021165873015873013,
  "ann_recall_vs_exact_at_k_mean": 0.5081,
  "recall_at_100_mean": 0.329,
  "ann_recall_vs_exact_at_100_mean": 0.6820851185770751,
  "coverage_at_k": 0.27115765638267764,
  "gini_exposure": 0.933724285309935,
  "long_tail_exposure": 0.0,
  "long_tail_uplift": -0.005502034277041128,
  "tail_frac": 0.2,
  "dataset": "ml-1m",
  "weighting": "svd_none",
  "method": "flatpq",
  "detected_method": "flatpq",
  "N": 3533,
  "D": 128,
  "ef": 128,
  "nprobe": 16,
  "seed": 42
}