{
  "modality": "u2i",
  "queries": 2000,
  "topk": 100,
  "metric_topk": 10,
  "recall_at_k_mean": 0.0855,
  "precision_at_k_mean": 0.00855,
  "hr_at_k_mean": 0.0855,
  "ndcg_at_k_mean": 0.04520037098698244,
  "map_at_k_mean": 0.03312202380952381,
  "mrr_at_k_mean": 0.03312202380952381,
  "ann_recall_vs_exact_at_k_mean": 1.0,
  "recall_at_100_mean": 0.35,
  "ann_recall_vs_exact_at_100_mean": 1.0,
  "coverage_at_k": 0.17831870931219926,
  "gini_exposure": 0.9659630625530711,
  "long_tail_exposure": 0.0,
  "long_tail_uplift": -0.005502034277041128,
  "tail_frac": 0.2,
  "dataset": "ml-1m",
  "weighting": "svd_tfidf",
  "method": "flat",
  "detected_method": "flat",
  "N": 3533,
  "D": 128,
  "ef": 128,
  "nprobe": 16,
  "seed": 42
}