{
  "modality": "u2i",
  "queries": 2000,
  "topk": 100,
  "metric_topk": 10,
  "recall_at_k_mean": 0.0575,
  "precision_at_k_mean": 0.00575,
  "hr_at_k_mean": 0.0575,
  "ndcg_at_k_mean": 0.029911584908601775,
  "map_at_k_mean": 0.021753373015873018,
  "mrr_at_k_mean": 0.021753373015873018,
  "ann_recall_vs_exact_at_k_mean": 0.99995,
  "recall_at_100_mean": 0.3255,
  "ann_recall_vs_exact_at_100_mean": 0.9705014923907709,
  "coverage_at_k": 0.2360600056609114,
  "gini_exposure": 0.9475603736201528,
  "long_tail_exposure": 0.0,
  "long_tail_uplift": -0.005502034277041128,
  "tail_frac": 0.2,
  "dataset": "ml-1m",
  "weighting": "bpr_matrix_factorization",
  "method": "hnsw",
  "detected_method": "hnsw",
  "N": 3533,
  "D": 128,
  "ef": 64,
  "nprobe": 16,
  "seed": 42
}