{
  "modality": "u2i",
  "queries": 2000,
  "topk": 100,
  "metric_topk": 10,
  "recall_at_k_mean": 0.0855,
  "precision_at_k_mean": 0.00855,
  "hr_at_k_mean": 0.0855,
  "ndcg_at_k_mean": 0.04520037098698244,
  "map_at_k_mean": 0.03312202380952381,
  "mrr_at_k_mean": 0.03312202380952381,
  "ann_recall_vs_exact_at_k_mean": 0.9999,
  "recall_at_100_mean": 0.3495,
  "ann_recall_vs_exact_at_100_mean": 0.9991442572463768,
  "coverage_at_k": 0.17803566374186244,
  "gini_exposure": 0.9659834984432494,
  "long_tail_exposure": 0.0,
  "long_tail_uplift": -0.005502034277041128,
  "tail_frac": 0.2,
  "dataset": "ml-1m",
  "weighting": "svd_tfidf",
  "method": "ivfflat",
  "detected_method": "ivfflat",
  "N": 3533,
  "D": 128,
  "ef": 128,
  "nprobe": 32,
  "seed": 42
}