{
  "modality": "u2i",
  "queries": 2000,
  "topk": 100,
  "metric_topk": 10,
  "recall_at_k_mean": 0.0595,
  "precision_at_k_mean": 0.00595,
  "hr_at_k_mean": 0.0595,
  "ndcg_at_k_mean": 0.030483469338085857,
  "map_at_k_mean": 0.02192202380952381,
  "mrr_at_k_mean": 0.02192202380952381,
  "ann_recall_vs_exact_at_k_mean": 0.86,
  "recall_at_100_mean": 0.3235,
  "ann_recall_vs_exact_at_100_mean": 0.9362588463426608,
  "coverage_at_k": 0.2487970563260685,
  "gini_exposure": 0.9459796773280499,
  "long_tail_exposure": 0.0,
  "long_tail_uplift": -0.005502034277041128,
  "tail_frac": 0.2,
  "dataset": "ml-1m",
  "weighting": "bpr_matrix_factorization",
  "method": "ivfpq",
  "detected_method": "ivfpq",
  "N": 3533,
  "D": 128,
  "ef": 128,
  "nprobe": 32,
  "seed": 42
}