{
  "modality": "u2i",
  "queries": 2000,
  "topk": 100,
  "metric_topk": 10,
  "recall_at_k_mean": 0.09,
  "precision_at_k_mean": 0.009,
  "hr_at_k_mean": 0.09,
  "ndcg_at_k_mean": 0.046003001004067616,
  "map_at_k_mean": 0.032713095238095236,
  "mrr_at_k_mean": 0.032713095238095236,
  "ann_recall_vs_exact_at_k_mean": 0.6309,
  "recall_at_100_mean": 0.377,
  "ann_recall_vs_exact_at_100_mean": 0.7425606122448979,
  "coverage_at_k": 0.24709878290404755,
  "gini_exposure": 0.9658446362864421,
  "long_tail_exposure": 0.00065,
  "long_tail_uplift": -0.004852034277041128,
  "tail_frac": 0.2,
  "dataset": "ml-1m",
  "weighting": "svd_bm25",
  "method": "flatpq",
  "detected_method": "flatpq",
  "N": 3533,
  "D": 128,
  "ef": 128,
  "nprobe": 16,
  "seed": 42
}