{
  "modality": "u2i",
  "queries": 6037,
  "topk": 100,
  "metric_topk": 10,
  "recall_at_k_mean": 0.08083485174755674,
  "precision_at_k_mean": 0.008083485174755675,
  "hr_at_k_mean": 0.08083485174755674,
  "ndcg_at_k_mean": 0.04089133554390398,
  "map_at_k_mean": 0.02885736371739353,
  "mrr_at_k_mean": 0.02885736371739353,
  "ann_recall_vs_exact_at_k_mean": 0.6961404671194302,
  "recall_at_100_mean": 0.3369223124068246,
  "ann_recall_vs_exact_at_100_mean": 0.8312234712056001,
  "coverage_at_k": 0.24370223606000566,
  "gini_exposure": 0.9632470320184694,
  "long_tail_exposure": 0.00013251615040583072,
  "long_tail_uplift": -0.005369518126635297,
  "tail_frac": 0.2,
  "dataset": "ml-1m",
  "weighting": "svd_tfidf",
  "method": "ivfpq",
  "detected_method": "ivfpq",
  "N": 3533,
  "D": 128,
  "ef": 128,
  "nprobe": 64,
  "seed": 42
}