{
  "modality": "u2i",
  "queries": 6037,
  "topk": 100,
  "metric_topk": 10,
  "recall_at_k_mean": 0.06443597813483519,
  "precision_at_k_mean": 0.006443597813483519,
  "hr_at_k_mean": 0.06443597813483519,
  "ndcg_at_k_mean": 0.03314163671862193,
  "map_at_k_mean": 0.023701328579579364,
  "mrr_at_k_mean": 0.023701328579579364,
  "ann_recall_vs_exact_at_k_mean": 0.5613715421567004,
  "recall_at_100_mean": 0.3196952128540666,
  "ann_recall_vs_exact_at_100_mean": 0.7162883952149389,
  "coverage_at_k": 0.34022077554486274,
  "gini_exposure": 0.9288055200309479,
  "long_tail_exposure": 3.312903760145768e-05,
  "long_tail_uplift": -0.005468905239439671,
  "tail_frac": 0.2,
  "dataset": "ml-1m",
  "weighting": "svd_none",
  "method": "flatpq",
  "detected_method": "flatpq",
  "N": 3533,
  "D": 128,
  "ef": 128,
  "nprobe": 16,
  "seed": 42
}