{
  "modality": "u2i",
  "queries": 2000,
  "topk": 100,
  "metric_topk": 10,
  "recall_at_k_mean": 0.094,
  "precision_at_k_mean": 0.0094,
  "hr_at_k_mean": 0.094,
  "ndcg_at_k_mean": 0.050311616773705894,
  "map_at_k_mean": 0.03707460317460318,
  "mrr_at_k_mean": 0.03707460317460318,
  "ann_recall_vs_exact_at_k_mean": 0.7011000000000001,
  "recall_at_100_mean": 0.39,
  "ann_recall_vs_exact_at_100_mean": 0.8003918367346939,
  "coverage_at_k": 0.2790829323521087,
  "gini_exposure": 0.953969742428531,
  "long_tail_exposure": 0.00085,
  "long_tail_uplift": -0.004652034277041128,
  "tail_frac": 0.2,
  "dataset": "ml-1m",
  "weighting": "svd_bm25",
  "method": "ivfpq",
  "detected_method": "ivfpq",
  "N": 3533,
  "D": 128,
  "ef": 128,
  "nprobe": 64,
  "seed": 42
}