{
  "modality": "u2i",
  "queries": 6037,
  "topk": 100,
  "metric_topk": 10,
  "recall_at_k_mean": 0.07569985091933079,
  "precision_at_k_mean": 0.00756998509193308,
  "hr_at_k_mean": 0.07569985091933079,
  "ndcg_at_k_mean": 0.036661665144086364,
  "map_at_k_mean": 0.02498810246863916,
  "mrr_at_k_mean": 0.02498810246863916,
  "ann_recall_vs_exact_at_k_mean": 0.989249627298327,
  "recall_at_100_mean": 0.33294682789464963,
  "ann_recall_vs_exact_at_100_mean": 0.9408864945626648,
  "coverage_at_k": 0.38013020096235495,
  "gini_exposure": 0.8967009976828897,
  "long_tail_exposure": 4.969355640218652e-05,
  "long_tail_uplift": -0.005452340720638942,
  "tail_frac": 0.2,
  "dataset": "ml-1m",
  "weighting": "svd_none",
  "method": "ivfflat",
  "detected_method": "ivfflat",
  "N": 3533,
  "D": 128,
  "ef": 128,
  "nprobe": 16,
  "seed": 42
}