{
  "modality": "u2i",
  "queries": 2000,
  "topk": 100,
  "metric_topk": 10,
  "recall_at_k_mean": 0.093,
  "precision_at_k_mean": 0.0093,
  "hr_at_k_mean": 0.093,
  "ndcg_at_k_mean": 0.05051679423742352,
  "map_at_k_mean": 0.03757797619047618,
  "mrr_at_k_mean": 0.03757797619047618,
  "ann_recall_vs_exact_at_k_mean": 0.9989,
  "recall_at_100_mean": 0.3955,
  "ann_recall_vs_exact_at_100_mean": 0.9898598979591837,
  "coverage_at_k": 0.2872912538918766,
  "gini_exposure": 0.9512726577979055,
  "long_tail_exposure": 0.00035,
  "long_tail_uplift": -0.0051520342770411285,
  "tail_frac": 0.2,
  "dataset": "ml-1m",
  "weighting": "svd_bm25",
  "method": "ivfflat",
  "detected_method": "ivfflat",
  "N": 3533,
  "D": 128,
  "ef": 128,
  "nprobe": 32,
  "seed": 42
}