{
  "modality": "u2i",
  "queries": 6037,
  "topk": 100,
  "metric_topk": 10,
  "recall_at_k_mean": 0.07338081828722876,
  "precision_at_k_mean": 0.0073380818287228766,
  "hr_at_k_mean": 0.07338081828722876,
  "ndcg_at_k_mean": 0.0361029545552379,
  "map_at_k_mean": 0.0249201353557822,
  "mrr_at_k_mean": 0.0249201353557822,
  "ann_recall_vs_exact_at_k_mean": 0.631522279277787,
  "recall_at_100_mean": 0.33559715090276626,
  "ann_recall_vs_exact_at_100_mean": 0.8003634371011569,
  "coverage_at_k": 0.22502122841777525,
  "gini_exposure": 0.9719694490822962,
  "long_tail_exposure": 0.00011595163160510187,
  "long_tail_uplift": -0.005386082645436026,
  "tail_frac": 0.2,
  "dataset": "ml-1m",
  "weighting": "svd_tfidf",
  "method": "flatpq",
  "detected_method": "flatpq",
  "N": 3533,
  "D": 128,
  "ef": 128,
  "nprobe": 16,
  "seed": 42
}