{
  "modality": "u2i",
  "queries": 6037,
  "topk": 100,
  "metric_topk": 10,
  "recall_at_k_mean": 0.09110485340400862,
  "precision_at_k_mean": 0.009110485340400862,
  "hr_at_k_mean": 0.09110485340400862,
  "ndcg_at_k_mean": 0.04598580485028114,
  "map_at_k_mean": 0.032389418690561646,
  "mrr_at_k_mean": 0.032389418690561646,
  "ann_recall_vs_exact_at_k_mean": 0.7171442769587543,
  "recall_at_100_mean": 0.3967202252774557,
  "ann_recall_vs_exact_at_100_mean": 0.8054712781231049,
  "coverage_at_k": 0.40107557316727993,
  "gini_exposure": 0.9517378186905816,
  "long_tail_exposure": 0.001027000165645188,
  "long_tail_uplift": -0.00447503411139594,
  "tail_frac": 0.2,
  "dataset": "ml-1m",
  "weighting": "svd_bm25",
  "method": "ivfpq",
  "detected_method": "ivfpq",
  "N": 3533,
  "D": 128,
  "ef": 128,
  "nprobe": 64,
  "seed": 42
}