{
  "modality": "u2i",
  "queries": 6037,
  "topk": 100,
  "metric_topk": 10,
  "recall_at_k_mean": 0.06923968858704654,
  "precision_at_k_mean": 0.006923968858704655,
  "hr_at_k_mean": 0.06923968858704654,
  "ndcg_at_k_mean": 0.03290031332863463,
  "map_at_k_mean": 0.022069854942142503,
  "mrr_at_k_mean": 0.022069854942142503,
  "ann_recall_vs_exact_at_k_mean": 0.9977306609243001,
  "recall_at_100_mean": 0.3269836011263873,
  "ann_recall_vs_exact_at_100_mean": 0.9601591743702701,
  "coverage_at_k": 0.3175771299179168,
  "gini_exposure": 0.9439098481338849,
  "long_tail_exposure": 0.0,
  "long_tail_uplift": -0.005502034277041128,
  "tail_frac": 0.2,
  "dataset": "ml-1m",
  "weighting": "bpr_matrix_factorization",
  "method": "ivfflat",
  "detected_method": "ivfflat",
  "N": 3533,
  "D": 128,
  "ef": 128,
  "nprobe": 8,
  "seed": 42
}