{
  "modality": "u2i",
  "queries": 2000,
  "topk": 100,
  "metric_topk": 10,
  "recall_at_k_mean": 0.0735,
  "precision_at_k_mean": 0.007350000000000001,
  "hr_at_k_mean": 0.0735,
  "ndcg_at_k_mean": 0.036666997581519534,
  "map_at_k_mean": 0.02553194444444444,
  "mrr_at_k_mean": 0.02553194444444444,
  "ann_recall_vs_exact_at_k_mean": 1.0,
  "recall_at_100_mean": 0.342,
  "ann_recall_vs_exact_at_100_mean": 1.0,
  "coverage_at_k": 0.3093688083781489,
  "gini_exposure": 0.9014634588168695,
  "long_tail_exposure": 0.0,
  "long_tail_uplift": -0.005502034277041128,
  "tail_frac": 0.2,
  "dataset": "ml-1m",
  "weighting": "svd_none",
  "method": "flat",
  "detected_method": "flat",
  "N": 3533,
  "D": 128,
  "ef": 128,
  "nprobe": 16,
  "seed": 42
}