{
  "modality": "u2i",
  "queries": 6037,
  "topk": 100,
  "metric_topk": 10,
  "recall_at_k_mean": 0.07089614046711944,
  "precision_at_k_mean": 0.0070896140467119435,
  "hr_at_k_mean": 0.07089614046711944,
  "ndcg_at_k_mean": 0.035449771162974056,
  "map_at_k_mean": 0.024804117991959633,
  "mrr_at_k_mean": 0.024804117991959633,
  "ann_recall_vs_exact_at_k_mean": 0.556750041411297,
  "recall_at_100_mean": 0.3296339241345039,
  "ann_recall_vs_exact_at_100_mean": 0.7394952944947708,
  "coverage_at_k": 0.367110104726861,
  "gini_exposure": 0.9196975664879296,
  "long_tail_exposure": 6.625807520291536e-05,
  "long_tail_uplift": -0.005435776201838213,
  "tail_frac": 0.2,
  "dataset": "ml-1m",
  "weighting": "svd_none",
  "method": "ivfpq",
  "detected_method": "ivfpq",
  "N": 3533,
  "D": 128,
  "ef": 128,
  "nprobe": 64,
  "seed": 42
}