{
  "modality": "u2i",
  "queries": 6037,
  "topk": 100,
  "metric_topk": 10,
  "recall_at_k_mean": 0.08249130362762962,
  "precision_at_k_mean": 0.008249130362762962,
  "hr_at_k_mean": 0.08249130362762962,
  "ndcg_at_k_mean": 0.04220136668043463,
  "map_at_k_mean": 0.030098519447533858,
  "mrr_at_k_mean": 0.030098519447533858,
  "ann_recall_vs_exact_at_k_mean": 0.9999171774059964,
  "recall_at_100_mean": 0.3448732814311744,
  "ann_recall_vs_exact_at_100_mean": 0.9993152279999452,
  "coverage_at_k": 0.2417209170676479,
  "gini_exposure": 0.9640297512448122,
  "long_tail_exposure": 9.938711280437304e-05,
  "long_tail_uplift": -0.005402647164236755,
  "tail_frac": 0.2,
  "dataset": "ml-1m",
  "weighting": "svd_tfidf",
  "method": "ivfflat",
  "detected_method": "ivfflat",
  "N": 3533,
  "D": 128,
  "ef": 128,
  "nprobe": 32,
  "seed": 42
}