{
  "modality": "u2i",
  "queries": 2000,
  "topk": 100,
  "metric_topk": 10,
  "recall_at_k_mean": 0.0575,
  "precision_at_k_mean": 0.00575,
  "hr_at_k_mean": 0.0575,
  "ndcg_at_k_mean": 0.029911584908601775,
  "map_at_k_mean": 0.021753373015873018,
  "mrr_at_k_mean": 0.021753373015873018,
  "ann_recall_vs_exact_at_k_mean": 0.9979,
  "recall_at_100_mean": 0.316,
  "ann_recall_vs_exact_at_100_mean": 0.9642141212567501,
  "coverage_at_k": 0.23662609680158506,
  "gini_exposure": 0.9475141239739597,
  "long_tail_exposure": 0.0,
  "long_tail_uplift": -0.005502034277041128,
  "tail_frac": 0.2,
  "dataset": "ml-1m",
  "weighting": "bpr_matrix_factorization",
  "method": "ivfflat",
  "detected_method": "ivfflat",
  "N": 3533,
  "D": 128,
  "ef": 128,
  "nprobe": 8,
  "seed": 42
}