{
  "modality": "u2i",
  "queries": 2000,
  "topk": 100,
  "metric_topk": 10,
  "recall_at_k_mean": 0.0845,
  "precision_at_k_mean": 0.008450000000000001,
  "hr_at_k_mean": 0.0845,
  "ndcg_at_k_mean": 0.04421691224923479,
  "map_at_k_mean": 0.032072222222222224,
  "mrr_at_k_mean": 0.032072222222222224,
  "ann_recall_vs_exact_at_k_mean": 0.73135,
  "recall_at_100_mean": 0.345,
  "ann_recall_vs_exact_at_100_mean": 0.8411396640082602,
  "coverage_at_k": 0.17548825360883102,
  "gini_exposure": 0.9666637418624399,
  "long_tail_exposure": 0.0,
  "long_tail_uplift": -0.005502034277041128,
  "tail_frac": 0.2,
  "dataset": "ml-1m",
  "weighting": "svd_tfidf",
  "method": "ivfpq",
  "detected_method": "ivfpq",
  "N": 3533,
  "D": 128,
  "ef": 128,
  "nprobe": 64,
  "seed": 42
}