{
  "modality": "u2i",
  "queries": 2000,
  "topk": 100,
  "metric_topk": 10,
  "recall_at_k_mean": 0.0935,
  "precision_at_k_mean": 0.009349999999999999,
  "hr_at_k_mean": 0.0935,
  "ndcg_at_k_mean": 0.0508262765295362,
  "map_at_k_mean": 0.03782242063492063,
  "mrr_at_k_mean": 0.03782242063492063,
  "ann_recall_vs_exact_at_k_mean": 0.9995999999999999,
  "recall_at_100_mean": 0.393,
  "ann_recall_vs_exact_at_100_mean": 0.9652910204081633,
  "coverage_at_k": 0.28814039060288704,
  "gini_exposure": 0.9512252759694311,
  "long_tail_exposure": 0.00035,
  "long_tail_uplift": -0.0051520342770411285,
  "tail_frac": 0.2,
  "dataset": "ml-1m",
  "weighting": "svd_bm25",
  "method": "hnsw",
  "detected_method": "hnsw",
  "N": 3533,
  "D": 128,
  "ef": 64,
  "nprobe": 16,
  "seed": 42
}