{
  "modality": "u2i",
  "queries": 2000,
  "topk": 100,
  "metric_topk": 10,
  "recall_at_k_mean": 0.0745,
  "precision_at_k_mean": 0.007449999999999999,
  "hr_at_k_mean": 0.0745,
  "ndcg_at_k_mean": 0.03501736904852776,
  "map_at_k_mean": 0.02335,
  "mrr_at_k_mean": 0.02335,
  "ann_recall_vs_exact_at_k_mean": 0.5695,
  "recall_at_100_mean": 0.3345,
  "ann_recall_vs_exact_at_100_mean": 0.7728317962581411,
  "coverage_at_k": 0.15709029153693746,
  "gini_exposure": 0.9726753750353807,
  "long_tail_exposure": 0.0,
  "long_tail_uplift": -0.005502034277041128,
  "tail_frac": 0.2,
  "dataset": "ml-1m",
  "weighting": "svd_tfidf",
  "method": "flatpq",
  "detected_method": "flatpq",
  "N": 3533,
  "D": 128,
  "ef": 128,
  "nprobe": 16,
  "seed": 42
}