{
  "modality": "u2i",
  "queries": 6037,
  "topk": 100,
  "metric_topk": 10,
  "recall_at_k_mean": 0.06791452708298824,
  "precision_at_k_mean": 0.006791452708298824,
  "hr_at_k_mean": 0.06791452708298824,
  "ndcg_at_k_mean": 0.03202819097097606,
  "map_at_k_mean": 0.02135974979688745,
  "mrr_at_k_mean": 0.02135974979688745,
  "ann_recall_vs_exact_at_k_mean": 0.8574623157197283,
  "recall_at_100_mean": 0.3263210203743581,
  "ann_recall_vs_exact_at_100_mean": 0.9280149315951631,
  "coverage_at_k": 0.33371072742711577,
  "gini_exposure": 0.9395679093931605,
  "long_tail_exposure": 0.0,
  "long_tail_uplift": -0.005502034277041128,
  "tail_frac": 0.2,
  "dataset": "ml-1m",
  "weighting": "bpr_matrix_factorization",
  "method": "ivfpq",
  "detected_method": "ivfpq",
  "N": 3533,
  "D": 128,
  "ef": 128,
  "nprobe": 64,
  "seed": 42
}