{
  "modality": "u2i",
  "queries": 6037,
  "topk": 100,
  "metric_topk": 10,
  "recall_at_k_mean": 0.07553420573132351,
  "precision_at_k_mean": 0.007553420573132352,
  "hr_at_k_mean": 0.07553420573132351,
  "ndcg_at_k_mean": 0.036615329552949945,
  "map_at_k_mean": 0.024973312719709942,
  "mrr_at_k_mean": 0.024973312719709942,
  "ann_recall_vs_exact_at_k_mean": 0.9995527579923803,
  "recall_at_100_mean": 0.34006957097896306,
  "ann_recall_vs_exact_at_100_mean": 0.9730395859227183,
  "coverage_at_k": 0.3806962921030286,
  "gini_exposure": 0.8963643717783171,
  "long_tail_exposure": 3.312903760145768e-05,
  "long_tail_uplift": -0.005468905239439671,
  "tail_frac": 0.2,
  "dataset": "ml-1m",
  "weighting": "svd_none",
  "method": "hnsw",
  "detected_method": "hnsw",
  "N": 3533,
  "D": 128,
  "ef": 64,
  "nprobe": 16,
  "seed": 42
}