{
  "modality": "u2i",
  "queries": 6037,
  "topk": 100,
  "metric_topk": 10,
  "recall_at_k_mean": 0.09011098227596488,
  "precision_at_k_mean": 0.009011098227596489,
  "hr_at_k_mean": 0.09011098227596488,
  "ndcg_at_k_mean": 0.044180937775314864,
  "map_at_k_mean": 0.030416794844490717,
  "mrr_at_k_mean": 0.030416794844490717,
  "ann_recall_vs_exact_at_k_mean": 0.6168295511015406,
  "recall_at_100_mean": 0.3780023190326321,
  "ann_recall_vs_exact_at_100_mean": 0.7611248969187848,
  "coverage_at_k": 0.3645626945938296,
  "gini_exposure": 0.9605038389315516,
  "long_tail_exposure": 0.0009441775716415438,
  "long_tail_uplift": -0.004557856705399584,
  "tail_frac": 0.2,
  "dataset": "ml-1m",
  "weighting": "svd_bm25",
  "method": "flatpq",
  "detected_method": "flatpq",
  "N": 3533,
  "D": 128,
  "ef": 128,
  "nprobe": 16,
  "seed": 42
}