{
  "modality": "u2i",
  "queries": 10000,
  "topk": 100,
  "metric_topk": 10,
  "recall_at_k_mean": 0.0314,
  "precision_at_k_mean": 0.00314,
  "hr_at_k_mean": 0.0314,
  "ndcg_at_k_mean": 0.01934911125455281,
  "map_at_k_mean": 0.015646269841269843,
  "mrr_at_k_mean": 0.015646269841269843,
  "ann_recall_vs_exact_at_k_mean": 0.9214900000000001,
  "recall_at_100_mean": 0.0936,
  "ann_recall_vs_exact_at_100_mean": 0.8933450000000001,
  "coverage_at_k": 0.14764037371393166,
  "gini_exposure": 0.9067108004195857,
  "long_tail_exposure": 0.23692,
  "long_tail_uplift": 0.16880225318538242,
  "tail_frac": 0.2,
  "dataset": "amazon-books",
  "weighting": "bm25",
  "method": "ivfflat",
  "detected_method": "ivfflat",
  "N": 367982,
  "D": 128,
  "ef": 128,
  "nprobe": 16,
  "seed": 42
}