{
  "modality": "u2i",
  "queries": 10000,
  "topk": 100,
  "metric_topk": 10,
  "recall_at_k_mean": 0.0329,
  "precision_at_k_mean": 0.0032900000000000004,
  "hr_at_k_mean": 0.0329,
  "ndcg_at_k_mean": 0.020412507737679768,
  "map_at_k_mean": 0.016581349206349204,
  "mrr_at_k_mean": 0.016581349206349204,
  "ann_recall_vs_exact_at_k_mean": 1.0,
  "recall_at_100_mean": 0.0982,
  "ann_recall_vs_exact_at_100_mean": 1.0,
  "coverage_at_k": 0.149838850813355,
  "gini_exposure": 0.9043753685778108,
  "long_tail_exposure": 0.23576,
  "long_tail_uplift": 0.16764225318538242,
  "tail_frac": 0.2,
  "dataset": "amazon-books",
  "weighting": "bm25",
  "method": "flat",
  "detected_method": "flat",
  "N": 367982,
  "D": 128,
  "ef": 128,
  "nprobe": 16,
  "seed": 42
}