{
  "modality": "u2i",
  "queries": 10000,
  "topk": 100,
  "metric_topk": 10,
  "recall_at_k_mean": 0.0312,
  "precision_at_k_mean": 0.0031200000000000004,
  "hr_at_k_mean": 0.0312,
  "ndcg_at_k_mean": 0.01848421114015935,
  "map_at_k_mean": 0.014564246031746032,
  "mrr_at_k_mean": 0.014564246031746032,
  "ann_recall_vs_exact_at_k_mean": 0.57298,
  "recall_at_100_mean": 0.0931,
  "ann_recall_vs_exact_at_100_mean": 0.6929710000000001,
  "coverage_at_k": 0.1440070438227957,
  "gini_exposure": 0.9113154479838688,
  "long_tail_exposure": 0.23244,
  "long_tail_uplift": 0.16432225318538243,
  "tail_frac": 0.2,
  "dataset": "amazon-books",
  "weighting": "bm25",
  "method": "ivfpq",
  "detected_method": "ivfpq",
  "N": 367982,
  "D": 128,
  "ef": 128,
  "nprobe": 256,
  "seed": 42
}