{
  "modality": "i2i",
  "queries": 10000,
  "topk": 100,
  "metric_topk": 10,
  "recall_at_k_mean": 0.0347,
  "precision_at_k_mean": 0.0034700000000000004,
  "hr_at_k_mean": 0.0347,
  "ndcg_at_k_mean": 0.02254633180268156,
  "map_at_k_mean": 0.01878888888888889,
  "mrr_at_k_mean": 0.01878888888888889,
  "ann_recall_vs_exact_at_k_mean": 0.9794299999999999,
  "recall_at_100_mean": 0.0793,
  "ann_recall_vs_exact_at_100_mean": 0.9682280000000001,
  "coverage_at_k": 0.169195775880342,
  "gini_exposure": 0.8834385716149159,
  "long_tail_exposure": 0.28207,
  "long_tail_uplift": 0.2139522531853824,
  "tail_frac": 0.2,
  "dataset": "amazon-books",
  "weighting": "bm25",
  "method": "ivfflat",
  "detected_method": "ivfflat",
  "N": 367982,
  "D": 128,
  "ef": 128,
  "nprobe": 16,
  "seed": 42
}