{
  "modality": "i2i",
  "queries": 10000,
  "topk": 100,
  "metric_topk": 10,
  "recall_at_k_mean": 0.034,
  "precision_at_k_mean": 0.0034,
  "hr_at_k_mean": 0.034,
  "ndcg_at_k_mean": 0.021298366943935134,
  "map_at_k_mean": 0.017370674603174603,
  "mrr_at_k_mean": 0.017370674603174603,
  "ann_recall_vs_exact_at_k_mean": 0.7632,
  "recall_at_100_mean": 0.0799,
  "ann_recall_vs_exact_at_100_mean": 0.8340330000000001,
  "coverage_at_k": 0.1701414743112435,
  "gini_exposure": 0.8825374774309613,
  "long_tail_exposure": 0.28212,
  "long_tail_uplift": 0.2140022531853824,
  "tail_frac": 0.2,
  "dataset": "amazon-books",
  "weighting": "bm25",
  "method": "ivfpq",
  "detected_method": "ivfpq",
  "N": 367982,
  "D": 128,
  "ef": 128,
  "nprobe": 256,
  "seed": 42
}