{
  "modality": "i2i",
  "queries": 10000,
  "topk": 100,
  "metric_topk": 10,
  "recall_at_k_mean": 0.0327,
  "precision_at_k_mean": 0.0032700000000000003,
  "hr_at_k_mean": 0.0327,
  "ndcg_at_k_mean": 0.021130988422143105,
  "map_at_k_mean": 0.017529920634920638,
  "mrr_at_k_mean": 0.017529920634920638,
  "ann_recall_vs_exact_at_k_mean": 0.65415,
  "recall_at_100_mean": 0.0778,
  "ann_recall_vs_exact_at_100_mean": 0.747504,
  "coverage_at_k": 0.1665162969927877,
  "gini_exposure": 0.8867340351430233,
  "long_tail_exposure": 0.2929,
  "long_tail_uplift": 0.22478225318538242,
  "tail_frac": 0.2,
  "dataset": "amazon-books",
  "weighting": "bm25",
  "method": "flatpq",
  "detected_method": "flatpq",
  "N": 367982,
  "D": 128,
  "ef": 128,
  "nprobe": 16,
  "seed": 42
}