{
  "modality": "i2i",
  "queries": 10000,
  "topk": 100,
  "metric_topk": 10,
  "recall_at_k_mean": 0.0355,
  "precision_at_k_mean": 0.00355,
  "hr_at_k_mean": 0.0355,
  "ndcg_at_k_mean": 0.022868797891269232,
  "map_at_k_mean": 0.01896888888888889,
  "mrr_at_k_mean": 0.01896888888888889,
  "ann_recall_vs_exact_at_k_mean": 0.9890399999999999,
  "recall_at_100_mean": 0.0809,
  "ann_recall_vs_exact_at_100_mean": 0.9756229999999999,
  "coverage_at_k": 0.16947839839992174,
  "gini_exposure": 0.8831028554114061,
  "long_tail_exposure": 0.28266,
  "long_tail_uplift": 0.21454225318538245,
  "tail_frac": 0.2,
  "dataset": "amazon-books",
  "weighting": "bm25",
  "method": "hnsw",
  "detected_method": "hnsw",
  "N": 367982,
  "D": 128,
  "ef": 128,
  "nprobe": 16,
  "seed": 42
}