{
  "modality": "u2i",
  "queries": 10000,
  "topk": 100,
  "metric_topk": 10,
  "recall_at_k_mean": 0.0316,
  "precision_at_k_mean": 0.00316,
  "hr_at_k_mean": 0.0316,
  "ndcg_at_k_mean": 0.01525966510327058,
  "map_at_k_mean": 0.010401468253968253,
  "mrr_at_k_mean": 0.010401468253968253,
  "ann_recall_vs_exact_at_k_mean": 0.9971399999999999,
  "recall_at_100_mean": 0.1725,
  "ann_recall_vs_exact_at_100_mean": 0.943543,
  "coverage_at_k": 0.6778,
  "gini_exposure": 0.83117111,
  "long_tail_exposure": 0.05729,
  "long_tail_uplift": 0.022180617745709764,
  "tail_frac": 0.2,
  "dataset": "goodbooks",
  "weighting": "bm25",
  "method": "hnsw",
  "detected_method": "hnsw",
  "N": 10000,
  "D": 128,
  "ef": 64,
  "nprobe": 16,
  "seed": 42
}