{
  "modality": "u2i",
  "queries": 10000,
  "topk": 100,
  "metric_topk": 10,
  "recall_at_k_mean": 0.0293,
  "precision_at_k_mean": 0.00293,
  "hr_at_k_mean": 0.0293,
  "ndcg_at_k_mean": 0.014610666855890951,
  "map_at_k_mean": 0.010202301587301588,
  "mrr_at_k_mean": 0.010202301587301588,
  "ann_recall_vs_exact_at_k_mean": 0.6768,
  "coverage_at_k": 0.6353,
  "gini_exposure": 0.849255468,
  "long_tail_exposure": 0.08612,
  "long_tail_uplift": 0.051010617745709766,
  "tail_frac": 0.2,
  "dataset": "goodbooks",
  "weighting": "bm25",
  "method": "ivfpq",
  "detected_method": "ivfpq",
  "N": 10000,
  "D": 128,
  "ef": 128,
  "nprobe": 128,
  "seed": 42
}