{
  "modality": "i2i",
  "queries": 10000,
  "topk": 100,
  "metric_topk": 10,
  "recall_at_k_mean": 0.1557,
  "precision_at_k_mean": 0.015569999999999999,
  "hr_at_k_mean": 0.1557,
  "ndcg_at_k_mean": 0.10488492635449083,
  "map_at_k_mean": 0.08907265873015872,
  "mrr_at_k_mean": 0.08907265873015872,
  "ann_recall_vs_exact_at_k_mean": 0.9032400000000002,
  "coverage_at_k": 0.9141,
  "gini_exposure": 0.571748666,
  "long_tail_exposure": 0.10111,
  "long_tail_uplift": 0.06600061774570977,
  "tail_frac": 0.2,
  "dataset": "goodbooks",
  "weighting": "bm25",
  "method": "ivfpq",
  "detected_method": "ivfpq",
  "N": 10000,
  "D": 128,
  "ef": 128,
  "nprobe": 128,
  "seed": 42
}