{
  "modality": "u2i",
  "queries": 10000,
  "topk": 100,
  "metric_topk": 10,
  "recall_at_k_mean": 0.0283,
  "precision_at_k_mean": 0.0028299999999999996,
  "hr_at_k_mean": 0.0283,
  "ndcg_at_k_mean": 0.01376623455475496,
  "map_at_k_mean": 0.009436388888888888,
  "mrr_at_k_mean": 0.009436388888888888,
  "ann_recall_vs_exact_at_k_mean": 0.6768,
  "recall_at_100_mean": 0.1655,
  "ann_recall_vs_exact_at_100_mean": 0.7878879999999999,
  "coverage_at_k": 0.6392,
  "gini_exposure": 0.8454361199999999,
  "long_tail_exposure": 0.09056,
  "long_tail_uplift": 0.055450617745709765,
  "tail_frac": 0.2,
  "dataset": "goodbooks",
  "weighting": "bm25",
  "method": "ivfpq",
  "detected_method": "ivfpq",
  "N": 10000,
  "D": 128,
  "ef": 128,
  "nprobe": 128,
  "seed": 42
}