{
  "modality": "i2i",
  "queries": 10000,
  "topk": 100,
  "metric_topk": 10,
  "recall_at_k_mean": 0.1568,
  "precision_at_k_mean": 0.01568,
  "hr_at_k_mean": 0.1568,
  "ndcg_at_k_mean": 0.10782980907333299,
  "map_at_k_mean": 0.09253845238095237,
  "mrr_at_k_mean": 0.09253845238095237,
  "ann_recall_vs_exact_at_k_mean": 0.99193,
  "coverage_at_k": 0.9158,
  "gini_exposure": 0.571486544,
  "long_tail_exposure": 0.09546,
  "long_tail_uplift": 0.06035061774570977,
  "tail_frac": 0.2,
  "dataset": "goodbooks",
  "weighting": "bm25",
  "method": "ivfflat",
  "detected_method": "ivfflat",
  "N": 10000,
  "D": 128,
  "ef": 128,
  "nprobe": 8,
  "seed": 42
}