{
  "modality": "i2i",
  "queries": 10000,
  "topk": 100,
  "metric_topk": 10,
  "recall_at_k_mean": 0.1574,
  "precision_at_k_mean": 0.01574,
  "hr_at_k_mean": 0.1574,
  "ndcg_at_k_mean": 0.10459186155320001,
  "map_at_k_mean": 0.08811908730158732,
  "mrr_at_k_mean": 0.08811908730158732,
  "ann_recall_vs_exact_at_k_mean": 0.9018300000000001,
  "recall_at_100_mean": 0.2873,
  "ann_recall_vs_exact_at_100_mean": 0.934057,
  "coverage_at_k": 0.917,
  "gini_exposure": 0.569530516,
  "long_tail_exposure": 0.10081,
  "long_tail_uplift": 0.06570061774570976,
  "tail_frac": 0.2,
  "dataset": "goodbooks",
  "weighting": "bm25",
  "method": "ivfpq",
  "detected_method": "ivfpq",
  "N": 10000,
  "D": 128,
  "ef": 128,
  "nprobe": 128,
  "seed": 42
}