{
  "modality": "u2i",
  "queries": 10000,
  "topk": 100,
  "metric_topk": 10,
  "recall_at_k_mean": 0.0315,
  "precision_at_k_mean": 0.00315,
  "hr_at_k_mean": 0.0315,
  "ndcg_at_k_mean": 0.015230758620638793,
  "map_at_k_mean": 0.010391468253968255,
  "mrr_at_k_mean": 0.010391468253968255,
  "ann_recall_vs_exact_at_k_mean": 0.9973599999999998,
  "coverage_at_k": 0.6775,
  "gini_exposure": 0.831348602,
  "long_tail_exposure": 0.05723,
  "long_tail_uplift": 0.022120617745709767,
  "tail_frac": 0.2,
  "dataset": "goodbooks",
  "weighting": "bm25",
  "method": "hnsw",
  "detected_method": "hnsw",
  "N": 10000,
  "D": 128,
  "ef": 64,
  "nprobe": 16,
  "seed": 42
}