{
  "modality": "i2i",
  "queries": 10000,
  "topk": 100,
  "metric_topk": 10,
  "recall_at_k_mean": 0.1557,
  "precision_at_k_mean": 0.015570000000000002,
  "hr_at_k_mean": 0.1557,
  "ndcg_at_k_mean": 0.10451162679566792,
  "map_at_k_mean": 0.08855301587301588,
  "mrr_at_k_mean": 0.08855301587301588,
  "ann_recall_vs_exact_at_k_mean": 0.86406,
  "coverage_at_k": 0.9144,
  "gini_exposure": 0.572219842,
  "long_tail_exposure": 0.1028,
  "long_tail_uplift": 0.06769061774570977,
  "tail_frac": 0.2,
  "dataset": "goodbooks",
  "weighting": "bm25",
  "method": "flatpq",
  "detected_method": "flatpq",
  "N": 10000,
  "D": 128,
  "ef": 128,
  "nprobe": 16,
  "seed": 42
}