{
  "modality": "u2i",
  "queries": 10000,
  "topk": 100,
  "metric_topk": 10,
  "recall_at_k_mean": 0.0305,
  "precision_at_k_mean": 0.00305,
  "hr_at_k_mean": 0.0305,
  "ndcg_at_k_mean": 0.01466304931060877,
  "map_at_k_mean": 0.009944523809523808,
  "mrr_at_k_mean": 0.009944523809523808,
  "ann_recall_vs_exact_at_k_mean": 0.85064,
  "coverage_at_k": 0.6881,
  "gini_exposure": 0.8229058939999999,
  "long_tail_exposure": 0.05919,
  "long_tail_uplift": 0.024080617745709763,
  "tail_frac": 0.2,
  "dataset": "goodbooks",
  "weighting": "bm25",
  "method": "ivfflat",
  "detected_method": "ivfflat",
  "N": 10000,
  "D": 128,
  "ef": 128,
  "nprobe": 8,
  "seed": 42
}