{
  "modality": "u2i",
  "queries": 6037,
  "topk": 100,
  "metric_topk": 10,
  "recall_at_k_mean": 0.09160178896803048,
  "precision_at_k_mean": 0.009160178896803048,
  "hr_at_k_mean": 0.09160178896803048,
  "ndcg_at_k_mean": 0.04630098131629973,
  "map_at_k_mean": 0.03268008655618396,
  "mrr_at_k_mean": 0.03268008655618396,
  "ann_recall_vs_exact_at_k_mean": 0.6726519794599967,
  "coverage_at_k": 0.37192187942258703,
  "gini_exposure": 0.958845427252764,
  "long_tail_exposure": 0.0011595163160510187,
  "long_tail_uplift": -0.004342517960990109,
  "tail_frac": 0.2,
  "dataset": "ml-1m",
  "weighting": "bm25",
  "method": "flatpq",
  "detected_method": "flatpq",
  "N": 3533,
  "D": 128,
  "ef": 128,
  "nprobe": 16,
  "seed": 42
}