{
  "modality": "i2i",
  "queries": 6037,
  "topk": 100,
  "metric_topk": 10,
  "recall_at_k_mean": 0.11048534040086136,
  "precision_at_k_mean": 0.011048534040086136,
  "hr_at_k_mean": 0.11048534040086136,
  "ndcg_at_k_mean": 0.05764102972446413,
  "map_at_k_mean": 0.041719318172854694,
  "mrr_at_k_mean": 0.041719318172854694,
  "ann_recall_vs_exact_at_k_mean": 0.8728341891668048,
  "coverage_at_k": 0.8154542881403906,
  "gini_exposure": 0.6710220176821667,
  "long_tail_exposure": 0.02057313235050522,
  "long_tail_uplift": 0.01507109807346409,
  "tail_frac": 0.2,
  "dataset": "ml-1m",
  "weighting": "bm25",
  "method": "ivfpq",
  "detected_method": "ivfpq",
  "N": 3533,
  "D": 128,
  "ef": 128,
  "nprobe": 64,
  "seed": 42
}