{
  "modality": "i2i",
  "queries": 6037,
  "topk": 100,
  "metric_topk": 10,
  "recall_at_k_mean": 0.11197614709292696,
  "precision_at_k_mean": 0.011197614709292694,
  "hr_at_k_mean": 0.11197614709292696,
  "ndcg_at_k_mean": 0.05818712583401837,
  "map_at_k_mean": 0.04204239202168637,
  "mrr_at_k_mean": 0.04204239202168637,
  "ann_recall_vs_exact_at_k_mean": 1.0,
  "recall_at_100_mean": 0.4008613549776379,
  "ann_recall_vs_exact_at_100_mean": 0.9898608580420739,
  "coverage_at_k": 0.7970563260684971,
  "gini_exposure": 0.6776327094343819,
  "long_tail_exposure": 0.0167135994699354,
  "long_tail_uplift": 0.01121156519289427,
  "tail_frac": 0.2,
  "dataset": "ml-1m",
  "weighting": "bm25",
  "method": "hnsw",
  "detected_method": "hnsw",
  "N": 3533,
  "D": 128,
  "ef": 64,
  "nprobe": 16,
  "seed": 42
}