{
  "modality": "u2i",
  "queries": 6037,
  "topk": 100,
  "metric_topk": 10,
  "recall_at_k_mean": 0.09325824084810336,
  "precision_at_k_mean": 0.009325824084810337,
  "hr_at_k_mean": 0.09325824084810336,
  "ndcg_at_k_mean": 0.04876244640873248,
  "map_at_k_mean": 0.03531042697019175,
  "mrr_at_k_mean": 0.03531042697019175,
  "ann_recall_vs_exact_at_k_mean": 0.7012754679476562,
  "coverage_at_k": 0.4030568921596377,
  "gini_exposure": 0.9491956315617801,
  "long_tail_exposure": 0.0009938711280437303,
  "long_tail_uplift": -0.004508163148997398,
  "tail_frac": 0.2,
  "dataset": "ml-1m",
  "weighting": "bm25",
  "method": "ivfpq",
  "detected_method": "ivfpq",
  "N": 3533,
  "D": 128,
  "ef": 128,
  "nprobe": 64,
  "seed": 42
}