{
  "modality": "i2i",
  "queries": 6037,
  "topk": 100,
  "metric_topk": 10,
  "recall_at_k_mean": 0.10750372701673017,
  "precision_at_k_mean": 0.010750372701673018,
  "hr_at_k_mean": 0.10750372701673017,
  "ndcg_at_k_mean": 0.056892876649867995,
  "map_at_k_mean": 0.041634326415674765,
  "mrr_at_k_mean": 0.041634326415674765,
  "ann_recall_vs_exact_at_k_mean": 0.8469272817624648,
  "recall_at_100_mean": 0.39291038595328803,
  "ann_recall_vs_exact_at_100_mean": 0.8676958754348186,
  "coverage_at_k": 0.8058307387489386,
  "gini_exposure": 0.6780441077549845,
  "long_tail_exposure": 0.020838164651316878,
  "long_tail_uplift": 0.01533613037427575,
  "tail_frac": 0.2,
  "dataset": "ml-1m",
  "weighting": "bm25",
  "method": "flatpq",
  "detected_method": "flatpq",
  "N": 3533,
  "D": 128,
  "ef": 128,
  "nprobe": 16,
  "seed": 42
}