{
  "modality": "i2i",
  "queries": 6037,
  "topk": 100,
  "metric_topk": 10,
  "recall_at_k_mean": 0.11479211528905085,
  "precision_at_k_mean": 0.011479211528905084,
  "hr_at_k_mean": 0.11479211528905085,
  "ndcg_at_k_mean": 0.05844995331040071,
  "map_at_k_mean": 0.04163123700145399,
  "mrr_at_k_mean": 0.04163123700145399,
  "ann_recall_vs_exact_at_k_mean": 0.8777704157694219,
  "recall_at_100_mean": 0.3953950637733974,
  "ann_recall_vs_exact_at_100_mean": 0.8881646513168793,
  "coverage_at_k": 0.8148881969997169,
  "gini_exposure": 0.671918227070437,
  "long_tail_exposure": 0.019662083816465132,
  "long_tail_uplift": 0.014160049539424003,
  "tail_frac": 0.2,
  "dataset": "ml-1m",
  "weighting": "bm25",
  "method": "ivfpq",
  "detected_method": "ivfpq",
  "N": 3533,
  "D": 128,
  "ef": 128,
  "nprobe": 64,
  "seed": 42
}