{
  "modality": "i2i",
  "queries": 6037,
  "topk": 100,
  "metric_topk": 10,
  "recall_at_k_mean": 0.11197614709292696,
  "precision_at_k_mean": 0.011197614709292694,
  "hr_at_k_mean": 0.11197614709292696,
  "ndcg_at_k_mean": 0.05819459320212311,
  "map_at_k_mean": 0.042050214155564494,
  "mrr_at_k_mean": 0.042050214155564494,
  "ann_recall_vs_exact_at_k_mean": 0.998890177240351,
  "coverage_at_k": 0.7967732804981602,
  "gini_exposure": 0.6779699542227592,
  "long_tail_exposure": 0.016647341394732482,
  "long_tail_uplift": 0.011145307117691353,
  "tail_frac": 0.2,
  "dataset": "ml-1m",
  "weighting": "bm25",
  "method": "ivfflat",
  "detected_method": "ivfflat",
  "N": 3533,
  "D": 128,
  "ef": 128,
  "nprobe": 32,
  "seed": 42
}