{
  "modality": "u2i",
  "queries": 6037,
  "topk": 100,
  "metric_topk": 10,
  "recall_at_k_mean": 0.09524598310419083,
  "precision_at_k_mean": 0.009524598310419082,
  "hr_at_k_mean": 0.09524598310419083,
  "ndcg_at_k_mean": 0.04890477060846188,
  "map_at_k_mean": 0.034926748016858994,
  "mrr_at_k_mean": 0.034926748016858994,
  "ann_recall_vs_exact_at_k_mean": 0.9994202418419745,
  "coverage_at_k": 0.40871780356637416,
  "gini_exposure": 0.9463203817987961,
  "long_tail_exposure": 0.0007454033460327977,
  "long_tail_uplift": -0.004756630931008331,
  "tail_frac": 0.2,
  "dataset": "ml-1m",
  "weighting": "bm25",
  "method": "ivfflat",
  "detected_method": "ivfflat",
  "N": 3533,
  "D": 128,
  "ef": 128,
  "nprobe": 32,
  "seed": 42
}