{
  "modality": "i2i",
  "queries": 6037,
  "topk": 100,
  "metric_topk": 10,
  "recall_at_k_mean": 0.10766937220473745,
  "precision_at_k_mean": 0.010766937220473746,
  "hr_at_k_mean": 0.10766937220473745,
  "ndcg_at_k_mean": 0.05678831649187955,
  "map_at_k_mean": 0.04141931633235261,
  "mrr_at_k_mean": 0.04141931633235261,
  "ann_recall_vs_exact_at_k_mean": 0.8455524267020044,
  "coverage_at_k": 0.8063968298896123,
  "gini_exposure": 0.6789588273952291,
  "long_tail_exposure": 0.01979459996687096,
  "long_tail_uplift": 0.014292565689829832,
  "tail_frac": 0.2,
  "dataset": "ml-1m",
  "weighting": "bm25",
  "method": "flatpq",
  "detected_method": "flatpq",
  "N": 3533,
  "D": 128,
  "ef": 128,
  "nprobe": 16,
  "seed": 42
}