{
  "modality": "u2i",
  "queries": 6037,
  "topk": 100,
  "metric_topk": 10,
  "recall_at_k_mean": 0.09524598310419083,
  "precision_at_k_mean": 0.009524598310419082,
  "hr_at_k_mean": 0.09524598310419083,
  "ndcg_at_k_mean": 0.04889590536514545,
  "map_at_k_mean": 0.0349172825775443,
  "mrr_at_k_mean": 0.0349172825775443,
  "ann_recall_vs_exact_at_k_mean": 1.0,
  "recall_at_100_mean": 0.39771409640549943,
  "ann_recall_vs_exact_at_100_mean": 1.0,
  "coverage_at_k": 0.40928389470704785,
  "gini_exposure": 0.9462136806046645,
  "long_tail_exposure": 0.0007454033460327977,
  "long_tail_uplift": -0.004756630931008331,
  "tail_frac": 0.2,
  "dataset": "ml-1m",
  "weighting": "bm25",
  "method": "flat",
  "detected_method": "flat",
  "N": 3533,
  "D": 128,
  "ef": 128,
  "nprobe": 16,
  "seed": 42
}