{
  "modality": "u2i",
  "queries": 10000,
  "topk": 100,
  "metric_topk": 10,
  "recall_at_k_mean": 0.0822,
  "precision_at_k_mean": 0.008220000000000002,
  "hr_at_k_mean": 0.0822,
  "ndcg_at_k_mean": 0.04124738861107386,
  "map_at_k_mean": 0.02897190476190476,
  "mrr_at_k_mean": 0.02897190476190476,
  "ann_recall_vs_exact_at_k_mean": 0.5327799999999999,
  "coverage_at_k": 0.16810872225135465,
  "gini_exposure": 0.9779685090019228,
  "long_tail_exposure": 7e-05,
  "long_tail_uplift": -0.0005253231058515667,
  "tail_frac": 0.2,
  "dataset": "ml-20m",
  "weighting": "bm25",
  "method": "flatpq",
  "detected_method": "flatpq",
  "N": 22884,
  "D": 128,
  "ef": 128,
  "nprobe": 16,
  "seed": 42
}