{
  "modality": "i2i",
  "queries": 10000,
  "topk": 100,
  "metric_topk": 10,
  "recall_at_k_mean": 0.0908,
  "precision_at_k_mean": 0.009080000000000001,
  "hr_at_k_mean": 0.0908,
  "ndcg_at_k_mean": 0.05171729403143854,
  "map_at_k_mean": 0.03991198412698413,
  "mrr_at_k_mean": 0.03991198412698413,
  "ann_recall_vs_exact_at_k_mean": 0.9997,
  "coverage_at_k": 0.3491085474567383,
  "gini_exposure": 0.8864598959972033,
  "long_tail_exposure": 0.00291,
  "long_tail_uplift": 0.002314676894148433,
  "tail_frac": 0.2,
  "dataset": "ml-20m",
  "weighting": "bm25",
  "method": "hnsw",
  "detected_method": "hnsw",
  "N": 22884,
  "D": 128,
  "ef": 64,
  "nprobe": 16,
  "seed": 42
}