{
  "modality": "u2i",
  "queries": 10000,
  "topk": 100,
  "metric_topk": 10,
  "recall_at_k_mean": 0.0865,
  "precision_at_k_mean": 0.00865,
  "hr_at_k_mean": 0.0865,
  "ndcg_at_k_mean": 0.04450926619939451,
  "map_at_k_mean": 0.031938492063492065,
  "mrr_at_k_mean": 0.031938492063492065,
  "ann_recall_vs_exact_at_k_mean": 0.65566,
  "coverage_at_k": 0.18611256773291382,
  "gini_exposure": 0.9733805602167453,
  "long_tail_exposure": 9e-05,
  "long_tail_uplift": -0.0005053231058515667,
  "tail_frac": 0.2,
  "dataset": "ml-20m",
  "weighting": "bm25",
  "method": "ivfpq",
  "detected_method": "ivfpq",
  "N": 22884,
  "D": 128,
  "ef": 128,
  "nprobe": 256,
  "seed": 42
}