{
  "modality": "i2i",
  "queries": 10000,
  "topk": 100,
  "metric_topk": 10,
  "recall_at_k_mean": 0.0901,
  "precision_at_k_mean": 0.009009999999999999,
  "hr_at_k_mean": 0.0901,
  "ndcg_at_k_mean": 0.05120460396063023,
  "map_at_k_mean": 0.039408373015873015,
  "mrr_at_k_mean": 0.039408373015873015,
  "ann_recall_vs_exact_at_k_mean": 0.8748800000000003,
  "recall_at_100_mean": 0.2796,
  "ann_recall_vs_exact_at_100_mean": 0.8843460000000001,
  "coverage_at_k": 0.3505069043873449,
  "gini_exposure": 0.8874958311484007,
  "long_tail_exposure": 0.00371,
  "long_tail_uplift": 0.0031146768941484335,
  "tail_frac": 0.2,
  "dataset": "ml-20m",
  "weighting": "bm25",
  "method": "ivfpq",
  "detected_method": "ivfpq",
  "N": 22884,
  "D": 128,
  "ef": 128,
  "nprobe": 256,
  "seed": 42
}