{
  "modality": "i2i",
  "queries": 10000,
  "topk": 100,
  "metric_topk": 10,
  "recall_at_k_mean": 0.0897,
  "precision_at_k_mean": 0.008970000000000002,
  "hr_at_k_mean": 0.0897,
  "ndcg_at_k_mean": 0.05127164448487111,
  "map_at_k_mean": 0.03963194444444445,
  "mrr_at_k_mean": 0.03963194444444445,
  "ann_recall_vs_exact_at_k_mean": 0.8347100000000002,
  "recall_at_100_mean": 0.2701,
  "ann_recall_vs_exact_at_100_mean": 0.8586099999999999,
  "coverage_at_k": 0.350900192274078,
  "gini_exposure": 0.8874428080755112,
  "long_tail_exposure": 0.00365,
  "long_tail_uplift": 0.0030546768941484333,
  "tail_frac": 0.2,
  "dataset": "ml-20m",
  "weighting": "bm25",
  "method": "flatpq",
  "detected_method": "flatpq",
  "N": 22884,
  "D": 128,
  "ef": 128,
  "nprobe": 16,
  "seed": 42
}