{
  "modality": "i2i",
  "queries": 10000,
  "topk": 100,
  "metric_topk": 10,
  "recall_at_k_mean": 0.0906,
  "precision_at_k_mean": 0.009059999999999999,
  "hr_at_k_mean": 0.0906,
  "ndcg_at_k_mean": 0.05170867403072618,
  "map_at_k_mean": 0.039945158730158734,
  "mrr_at_k_mean": 0.039945158730158734,
  "ann_recall_vs_exact_at_k_mean": 0.9888,
  "coverage_at_k": 0.34840936899143504,
  "gini_exposure": 0.8869432555497291,
  "long_tail_exposure": 0.00287,
  "long_tail_uplift": 0.0022746768941484335,
  "tail_frac": 0.2,
  "dataset": "ml-20m",
  "weighting": "bm25",
  "method": "ivfflat",
  "detected_method": "ivfflat",
  "N": 22884,
  "D": 128,
  "ef": 128,
  "nprobe": 16,
  "seed": 42
}