{
  "modality": "i2i",
  "queries": 10000,
  "topk": 100,
  "metric_topk": 10,
  "recall_at_k_mean": 0.0904,
  "precision_at_k_mean": 0.009040000000000001,
  "hr_at_k_mean": 0.0904,
  "ndcg_at_k_mean": 0.05103336299164621,
  "map_at_k_mean": 0.03912079365079364,
  "mrr_at_k_mean": 0.03912079365079364,
  "ann_recall_vs_exact_at_k_mean": 0.8803600000000003,
  "coverage_at_k": 0.3514245761230554,
  "gini_exposure": 0.8871067610557595,
  "long_tail_exposure": 0.00378,
  "long_tail_uplift": 0.0031846768941484332,
  "tail_frac": 0.2,
  "dataset": "ml-20m",
  "weighting": "bm25",
  "method": "ivfpq",
  "detected_method": "ivfpq",
  "N": 22884,
  "D": 128,
  "ef": 128,
  "nprobe": 256,
  "seed": 42
}