{
  "modality": "u2i",
  "queries": 10000,
  "topk": 100,
  "metric_topk": 10,
  "recall_at_k_mean": 0.0867,
  "precision_at_k_mean": 0.008669999999999999,
  "hr_at_k_mean": 0.0867,
  "ndcg_at_k_mean": 0.04462592651308967,
  "map_at_k_mean": 0.031958571428571426,
  "mrr_at_k_mean": 0.031958571428571426,
  "ann_recall_vs_exact_at_k_mean": 0.99797,
  "coverage_at_k": 0.20673833245936024,
  "gini_exposure": 0.96524357629785,
  "long_tail_exposure": 2e-05,
  "long_tail_uplift": -0.0005753231058515666,
  "tail_frac": 0.2,
  "dataset": "ml-20m",
  "weighting": "bm25",
  "method": "hnsw",
  "detected_method": "hnsw",
  "N": 22884,
  "D": 128,
  "ef": 64,
  "nprobe": 16,
  "seed": 42
}