{
  "modality": "u2i",
  "queries": 10000,
  "topk": 100,
  "metric_topk": 10,
  "recall_at_k_mean": 0.085,
  "precision_at_k_mean": 0.0085,
  "hr_at_k_mean": 0.085,
  "ndcg_at_k_mean": 0.042931175584245855,
  "map_at_k_mean": 0.030311031746031745,
  "mrr_at_k_mean": 0.030311031746031745,
  "ann_recall_vs_exact_at_k_mean": 0.6382699999999999,
  "recall_at_100_mean": 0.3565,
  "ann_recall_vs_exact_at_100_mean": 0.72883,
  "coverage_at_k": 0.18318475790945637,
  "gini_exposure": 0.9744351983918895,
  "long_tail_exposure": 8e-05,
  "long_tail_uplift": -0.0005153231058515667,
  "tail_frac": 0.2,
  "dataset": "ml-20m",
  "weighting": "bm25",
  "method": "ivfpq",
  "detected_method": "ivfpq",
  "N": 22884,
  "D": 128,
  "ef": 128,
  "nprobe": 256,
  "seed": 42
}