{
  "modality": "u2i",
  "queries": 10000,
  "topk": 100,
  "metric_topk": 10,
  "recall_at_k_mean": 0.0866,
  "precision_at_k_mean": 0.00866,
  "hr_at_k_mean": 0.0866,
  "ndcg_at_k_mean": 0.04454374009892928,
  "map_at_k_mean": 0.03188928571428572,
  "mrr_at_k_mean": 0.03188928571428572,
  "ann_recall_vs_exact_at_k_mean": 0.9698,
  "coverage_at_k": 0.20651983918895297,
  "gini_exposure": 0.9657503548330711,
  "long_tail_exposure": 1e-05,
  "long_tail_uplift": -0.0005853231058515667,
  "tail_frac": 0.2,
  "dataset": "ml-20m",
  "weighting": "bm25",
  "method": "ivfflat",
  "detected_method": "ivfflat",
  "N": 22884,
  "D": 128,
  "ef": 128,
  "nprobe": 16,
  "seed": 42
}