{
  "modality": "i2i",
  "queries": 10000,
  "topk": 100,
  "metric_topk": 10,
  "recall_at_k_mean": 0.0907,
  "precision_at_k_mean": 0.009070000000000002,
  "hr_at_k_mean": 0.0907,
  "ndcg_at_k_mean": 0.051688387548806745,
  "map_at_k_mean": 0.039901984126984126,
  "mrr_at_k_mean": 0.039901984126984126,
  "ann_recall_vs_exact_at_k_mean": 1.0,
  "coverage_at_k": 0.34928334207306416,
  "gini_exposure": 0.8863981812620171,
  "long_tail_exposure": 0.00289,
  "long_tail_uplift": 0.0022946768941484335,
  "tail_frac": 0.2,
  "dataset": "ml-20m",
  "weighting": "bm25",
  "method": "flat",
  "detected_method": "flat",
  "N": 22884,
  "D": 128,
  "ef": 128,
  "nprobe": 16,
  "seed": 42
}