{
  "modality": "i2i",
  "queries": 10000,
  "topk": 100,
  "metric_topk": 10,
  "recall_at_k_mean": 0.0903,
  "precision_at_k_mean": 0.00903,
  "hr_at_k_mean": 0.0903,
  "ndcg_at_k_mean": 0.051528495453331075,
  "map_at_k_mean": 0.039812460317460316,
  "mrr_at_k_mean": 0.039812460317460316,
  "ann_recall_vs_exact_at_k_mean": 0.9890300000000001,
  "recall_at_100_mean": 0.2718,
  "ann_recall_vs_exact_at_100_mean": 0.949375,
  "coverage_at_k": 0.3483656703373536,
  "gini_exposure": 0.8871126551302221,
  "long_tail_exposure": 0.00309,
  "long_tail_uplift": 0.002494676894148433,
  "tail_frac": 0.2,
  "dataset": "ml-20m",
  "weighting": "bm25",
  "method": "ivfflat",
  "detected_method": "ivfflat",
  "N": 22884,
  "D": 128,
  "ef": 128,
  "nprobe": 16,
  "seed": 42
}