{
  "modality": "i2i",
  "queries": 10000,
  "topk": 100,
  "metric_topk": 10,
  "recall_at_k_mean": 0.0886,
  "precision_at_k_mean": 0.00886,
  "hr_at_k_mean": 0.0886,
  "ndcg_at_k_mean": 0.05050950994796447,
  "map_at_k_mean": 0.03897876984126984,
  "mrr_at_k_mean": 0.03897876984126984,
  "ann_recall_vs_exact_at_k_mean": 0.8210300000000001,
  "coverage_at_k": 0.3499825205383674,
  "gini_exposure": 0.88761114577871,
  "long_tail_exposure": 0.00399,
  "long_tail_uplift": 0.003394676894148433,
  "tail_frac": 0.2,
  "dataset": "ml-20m",
  "weighting": "bm25",
  "method": "flatpq",
  "detected_method": "flatpq",
  "N": 22884,
  "D": 128,
  "ef": 128,
  "nprobe": 16,
  "seed": 42
}