{
  "D": 128,
  "N": 367982,
  "ann_recall_vs_exact_at_100_mean": 0.977123,
  "ann_recall_vs_exact_at_k_mean": 0.9853200000000001,
  "coverage_at_k": 0.1494774200912001,
  "dataset": "amazon-books",
  "detected_method": "ivfflat",
  "dim": 128,
  "ef": 128,
  "gini_exposure": 0.9047573285106337,
  "hr_at_k_mean": 0.0326,
  "long_tail_exposure": 0.23611,
  "long_tail_uplift": 0.1679922531853824,
  "map_at_k_mean": 0.016422698412698413,
  "method": "ivfflat",
  "metric_topk": 10,
  "min_user_interactions": 5,
  "modality": "u2i",
  "mrr_at_k_mean": 0.016422698412698413,
  "ndcg_at_k_mean": 0.020221628813868603,
  "nprobe": 64,
  "precision_at_k_mean": 0.0032600000000000003,
  "queries": 10000,
  "query_fingerprint": "21133868744f39c1",
  "recall_at_100_mean": 0.0963,
  "recall_at_k_mean": 0.0326,
  "seed": 42,
  "tail_frac": 0.2,
  "topk": 100,
  "weighting": "bm25"
}