{
  "D": 128,
  "N": 367982,
  "ann_recall_vs_exact_at_100_mean": 1.0,
  "ann_recall_vs_exact_at_k_mean": 1.0,
  "coverage_at_k": 0.16981537140403608,
  "dataset": "amazon-books",
  "detected_method": "flat",
  "dim": 128,
  "ef": 128,
  "gini_exposure": 0.8827567848970874,
  "hr_at_k_mean": 0.0354,
  "long_tail_exposure": 0.28222,
  "long_tail_uplift": 0.21410225318538245,
  "map_at_k_mean": 0.018932499999999998,
  "method": "flat",
  "metric_topk": 10,
  "min_user_interactions": 5,
  "modality": "i2i",
  "mrr_at_k_mean": 0.018932499999999998,
  "ndcg_at_k_mean": 0.022818422600975465,
  "nprobe": 16,
  "precision_at_k_mean": 0.0035400000000000006,
  "queries": 10000,
  "query_fingerprint": "5bcf673ba09a7b9f",
  "recall_at_100_mean": 0.081,
  "recall_at_k_mean": 0.0354,
  "seed": 42,
  "tail_frac": 0.2,
  "topk": 100,
  "weighting": "bm25"
}