{
  "D": 128,
  "N": 367982,
  "ann_recall_vs_exact_at_100_mean": 0.834119,
  "ann_recall_vs_exact_at_k_mean": 0.76231,
  "coverage_at_k": 0.1699702702849596,
  "dataset": "amazon-books",
  "detected_method": "ivfpq",
  "dim": 128,
  "ef": 128,
  "gini_exposure": 0.8827343112978351,
  "hr_at_k_mean": 0.0345,
  "long_tail_exposure": 0.28133,
  "long_tail_uplift": 0.21321225318538245,
  "map_at_k_mean": 0.018253730158730157,
  "method": "ivfpq",
  "metric_topk": 10,
  "min_user_interactions": 5,
  "modality": "i2i",
  "mrr_at_k_mean": 0.018253730158730157,
  "ndcg_at_k_mean": 0.0220771727239022,
  "nprobe": 256,
  "precision_at_k_mean": 0.00345,
  "queries": 10000,
  "recall_at_100_mean": 0.0807,
  "recall_at_k_mean": 0.0345,
  "seed": 42,
  "tail_frac": 0.2,
  "topk": 100,
  "weighting": "bm25"
}