{
  "D": 128,
  "N": 367982,
  "ann_recall_vs_exact_at_100_mean": 0.5496800000000001,
  "ann_recall_vs_exact_at_k_mean": 0.39533,
  "coverage_at_k": 0.12406585104706208,
  "dataset": "amazon-books",
  "detected_method": "flatpq",
  "dim": 128,
  "ef": 128,
  "gini_exposure": 0.9306335312596812,
  "hr_at_k_mean": 0.0274,
  "long_tail_exposure": 0.27086,
  "long_tail_uplift": 0.20274225318538242,
  "map_at_k_mean": 0.012015039682539684,
  "method": "flatpq",
  "metric_topk": 10,
  "min_user_interactions": 5,
  "modality": "u2i",
  "mrr_at_k_mean": 0.012015039682539684,
  "ndcg_at_k_mean": 0.015565312579617898,
  "nprobe": 16,
  "precision_at_k_mean": 0.0027400000000000007,
  "queries": 10000,
  "recall_at_100_mean": 0.0898,
  "recall_at_k_mean": 0.0274,
  "seed": 42,
  "tail_frac": 0.2,
  "topk": 100,
  "weighting": "bm25"
}