{
  "D": 128,
  "N": 367982,
  "ann_recall_vs_exact_at_100_mean": 0.967867,
  "ann_recall_vs_exact_at_k_mean": 0.9866,
  "coverage_at_k": 0.14907250898141758,
  "dataset": "amazon-books",
  "detected_method": "hnsw",
  "dim": 128,
  "ef": 128,
  "gini_exposure": 0.9051258553407504,
  "hr_at_k_mean": 0.0321,
  "long_tail_exposure": 0.23776,
  "long_tail_uplift": 0.16964225318538242,
  "map_at_k_mean": 0.016474603174603173,
  "method": "hnsw",
  "metric_topk": 10,
  "min_user_interactions": 5,
  "modality": "u2i",
  "mrr_at_k_mean": 0.016474603174603173,
  "ndcg_at_k_mean": 0.02014455234329218,
  "nprobe": 16,
  "precision_at_k_mean": 0.00321,
  "queries": 10000,
  "query_fingerprint": "21133868744f39c1",
  "recall_at_100_mean": 0.0949,
  "recall_at_k_mean": 0.0321,
  "seed": 42,
  "tail_frac": 0.2,
  "topk": 100,
  "weighting": "bm25"
}