{
  "D": 128,
  "N": 367982,
  "ann_recall_vs_exact_at_100_mean": 0.6942280000000001,
  "ann_recall_vs_exact_at_k_mean": 0.57507,
  "coverage_at_k": 0.1444581528444326,
  "dataset": "amazon-books",
  "detected_method": "ivfpq",
  "dim": 128,
  "ef": 128,
  "gini_exposure": 0.9106386125408308,
  "hr_at_k_mean": 0.031,
  "long_tail_exposure": 0.23318,
  "long_tail_uplift": 0.16506225318538242,
  "map_at_k_mean": 0.014758055555555557,
  "method": "ivfpq",
  "metric_topk": 10,
  "min_user_interactions": 5,
  "modality": "u2i",
  "mrr_at_k_mean": 0.014758055555555557,
  "ndcg_at_k_mean": 0.018557691912580082,
  "nprobe": 256,
  "precision_at_k_mean": 0.0031000000000000003,
  "queries": 10000,
  "recall_at_100_mean": 0.0932,
  "recall_at_k_mean": 0.031,
  "seed": 42,
  "tail_frac": 0.2,
  "topk": 100,
  "weighting": "bm25"
}