{
  "D": 128,
  "N": 367982,
  "ann_recall_vs_exact_at_100_mean": 1.0,
  "ann_recall_vs_exact_at_k_mean": 1.0,
  "coverage_at_k": 0.149838850813355,
  "dataset": "amazon-books",
  "detected_method": "flat",
  "dim": 128,
  "ef": 128,
  "gini_exposure": 0.9043753685778108,
  "hr_at_k_mean": 0.0329,
  "long_tail_exposure": 0.23576,
  "long_tail_uplift": 0.16764225318538242,
  "map_at_k_mean": 0.016581349206349204,
  "method": "flat",
  "metric_topk": 10,
  "min_user_interactions": 5,
  "modality": "u2i",
  "mrr_at_k_mean": 0.016581349206349204,
  "ndcg_at_k_mean": 0.020412507737679768,
  "nprobe": 16,
  "precision_at_k_mean": 0.0032900000000000004,
  "queries": 10000,
  "query_fingerprint": "21133868744f39c1",
  "recall_at_100_mean": 0.0982,
  "recall_at_k_mean": 0.0329,
  "seed": 42,
  "tail_frac": 0.2,
  "topk": 100,
  "weighting": "bm25"
}