{
  "D": 128,
  "N": 10000,
  "ann_recall_vs_exact_at_100_mean": 1.0,
  "ann_recall_vs_exact_at_k_mean": 1.0,
  "coverage_at_k": 0.6767,
  "dataset": "goodbooks",
  "detected_method": "flat",
  "dim": 128,
  "ef": 128,
  "gini_exposure": 0.831127806,
  "hr_at_k_mean": 0.0317,
  "long_tail_exposure": 0.05748,
  "long_tail_uplift": 0.022370617745709767,
  "map_at_k_mean": 0.0104390873015873,
  "method": "flat",
  "metric_topk": 10,
  "modality": "u2i",
  "mrr_at_k_mean": 0.0104390873015873,
  "ndcg_at_k_mean": 0.015314091953972127,
  "nprobe": 16,
  "precision_at_k_mean": 0.00317,
  "queries": 10000,
  "recall_at_100_mean": 0.1795,
  "recall_at_k_mean": 0.0317,
  "seed": 42,
  "tail_frac": 0.2,
  "topk": 100,
  "weighting": "bm25"
}