{
  "D": 128,
  "N": 10000,
  "ann_recall_vs_exact_at_100_mean": 0.9400629999999999,
  "ann_recall_vs_exact_at_k_mean": 0.9893300000000002,
  "coverage_at_k": 0.9154,
  "dataset": "goodbooks",
  "detected_method": "ivfflat",
  "dim": 128,
  "ef": 128,
  "gini_exposure": 0.5716988080000001,
  "hr_at_k_mean": 0.157,
  "long_tail_exposure": 0.09564,
  "long_tail_uplift": 0.06053061774570977,
  "map_at_k_mean": 0.09255904761904762,
  "method": "ivfflat",
  "metric_topk": 10,
  "modality": "i2i",
  "mrr_at_k_mean": 0.09255904761904762,
  "ndcg_at_k_mean": 0.10788831868836105,
  "nprobe": 8,
  "precision_at_k_mean": 0.0157,
  "queries": 10000,
  "recall_at_100_mean": 0.2827,
  "recall_at_k_mean": 0.157,
  "seed": 42,
  "tail_frac": 0.2,
  "topk": 100,
  "weighting": "bm25"
}