{
  "D": 128,
  "N": 10000,
  "ann_recall_vs_exact_at_100_mean": 0.978734,
  "ann_recall_vs_exact_at_k_mean": 0.9998799999999999,
  "coverage_at_k": 0.9124,
  "dataset": "goodbooks",
  "detected_method": "hnsw",
  "dim": 128,
  "ef": 64,
  "gini_exposure": 0.570772596,
  "hr_at_k_mean": 0.1553,
  "long_tail_exposure": 0.09633,
  "long_tail_uplift": 0.061222208479440675,
  "map_at_k_mean": 0.09232178571428572,
  "method": "hnsw",
  "metric_topk": 10,
  "min_user_interactions": 5,
  "modality": "i2i",
  "mrr_at_k_mean": 0.09232178571428572,
  "ndcg_at_k_mean": 0.10736570916459431,
  "nprobe": 16,
  "precision_at_k_mean": 0.01553,
  "queries": 10000,
  "recall_at_100_mean": 0.286,
  "recall_at_k_mean": 0.1553,
  "seed": 42,
  "tail_frac": 0.2,
  "topk": 100,
  "weighting": "bm25"
}