{
  "D": 128,
  "N": 10000,
  "ann_recall_vs_exact_at_100_mean": 0.758131,
  "ann_recall_vs_exact_at_k_mean": 0.8492700000000001,
  "coverage_at_k": 0.6854,
  "dataset": "goodbooks",
  "detected_method": "ivfflat",
  "dim": 128,
  "ef": 128,
  "gini_exposure": 0.823735212,
  "hr_at_k_mean": 0.0306,
  "long_tail_exposure": 0.06131,
  "long_tail_uplift": 0.026200617745709767,
  "map_at_k_mean": 0.010050396825396825,
  "method": "ivfflat",
  "metric_topk": 10,
  "modality": "u2i",
  "mrr_at_k_mean": 0.010050396825396825,
  "ndcg_at_k_mean": 0.01475145910084525,
  "nprobe": 8,
  "precision_at_k_mean": 0.0030600000000000007,
  "queries": 10000,
  "recall_at_100_mean": 0.1601,
  "recall_at_k_mean": 0.0306,
  "seed": 42,
  "tail_frac": 0.2,
  "topk": 100,
  "weighting": "bm25"
}