{
  "D": 128,
  "N": 10000,
  "ann_recall_vs_exact_at_100_mean": 0.933433,
  "ann_recall_vs_exact_at_k_mean": 0.9034700000000001,
  "coverage_at_k": 0.9166,
  "dataset": "goodbooks",
  "detected_method": "ivfpq",
  "dim": 128,
  "ef": 128,
  "gini_exposure": 0.571046924,
  "hr_at_k_mean": 0.1556,
  "long_tail_exposure": 0.10171,
  "long_tail_uplift": 0.06660061774570976,
  "map_at_k_mean": 0.08957111111111112,
  "method": "ivfpq",
  "metric_topk": 10,
  "modality": "i2i",
  "mrr_at_k_mean": 0.08957111111111112,
  "ndcg_at_k_mean": 0.10527865141028477,
  "nprobe": 128,
  "precision_at_k_mean": 0.015560000000000003,
  "queries": 10000,
  "recall_at_100_mean": 0.2864,
  "recall_at_k_mean": 0.1556,
  "seed": 42,
  "tail_frac": 0.2,
  "topk": 100,
  "weighting": "bm25"
}