{
  "D": 128,
  "N": 10000,
  "ann_recall_vs_exact_at_100_mean": 0.9339299999999999,
  "ann_recall_vs_exact_at_k_mean": 0.9041600000000002,
  "coverage_at_k": 0.9134,
  "dataset": "goodbooks",
  "detected_method": "ivfpq",
  "dim": 128,
  "ef": 128,
  "gini_exposure": 0.568900608,
  "hr_at_k_mean": 0.1533,
  "long_tail_exposure": 0.10111,
  "long_tail_uplift": 0.06600220847944069,
  "map_at_k_mean": 0.08877603174603176,
  "method": "ivfpq",
  "metric_topk": 10,
  "min_user_interactions": 5,
  "modality": "i2i",
  "mrr_at_k_mean": 0.08877603174603176,
  "ndcg_at_k_mean": 0.10415445184082935,
  "nprobe": 128,
  "precision_at_k_mean": 0.015330000000000002,
  "queries": 10000,
  "query_fingerprint": "f53d2c9f047ccc82",
  "recall_at_100_mean": 0.2838,
  "recall_at_k_mean": 0.1533,
  "seed": 42,
  "tail_frac": 0.2,
  "topk": 100,
  "weighting": "bm25"
}