{
  "D": 128,
  "N": 10000,
  "ann_recall_vs_exact_at_100_mean": 0.9789160000000001,
  "ann_recall_vs_exact_at_k_mean": 1.0,
  "coverage_at_k": 0.9161,
  "dataset": "goodbooks",
  "detected_method": "hnsw",
  "dim": 128,
  "ef": 64,
  "gini_exposure": 0.571593622,
  "hr_at_k_mean": 0.1578,
  "long_tail_exposure": 0.09524,
  "long_tail_uplift": 0.06013061774570977,
  "map_at_k_mean": 0.09279055555555556,
  "method": "hnsw",
  "metric_topk": 10,
  "modality": "i2i",
  "mrr_at_k_mean": 0.09279055555555556,
  "ndcg_at_k_mean": 0.10824955015893088,
  "nprobe": 16,
  "precision_at_k_mean": 0.015780000000000002,
  "queries": 10000,
  "recall_at_100_mean": 0.2884,
  "recall_at_k_mean": 0.1578,
  "seed": 42,
  "tail_frac": 0.2,
  "topk": 100,
  "weighting": "bm25"
}