{
  "D": 128,
  "N": 10000,
  "ann_recall_vs_exact_at_100_mean": 0.7463130000000001,
  "ann_recall_vs_exact_at_k_mean": 0.60519,
  "coverage_at_k": 0.6001,
  "dataset": "goodbooks",
  "detected_method": "flatpq",
  "dim": 128,
  "ef": 128,
  "gini_exposure": 0.872182882,
  "hr_at_k_mean": 0.0282,
  "long_tail_exposure": 0.07816,
  "long_tail_uplift": 0.04305061774570976,
  "map_at_k_mean": 0.009500992063492064,
  "method": "flatpq",
  "metric_topk": 10,
  "modality": "u2i",
  "mrr_at_k_mean": 0.009500992063492064,
  "ndcg_at_k_mean": 0.013811148736118904,
  "nprobe": 16,
  "precision_at_k_mean": 0.0028200000000000005,
  "queries": 10000,
  "recall_at_100_mean": 0.1635,
  "recall_at_k_mean": 0.0282,
  "seed": 42,
  "tail_frac": 0.2,
  "topk": 100,
  "weighting": "bm25"
}