{
  "D": 128,
  "N": 10000,
  "ann_recall_vs_exact_at_100_mean": 0.9428040000000001,
  "ann_recall_vs_exact_at_k_mean": 0.9975799999999999,
  "coverage_at_k": 0.6752,
  "dataset": "goodbooks",
  "detected_method": "hnsw",
  "dim": 128,
  "ef": 64,
  "gini_exposure": 0.8311247460000001,
  "hr_at_k_mean": 0.0294,
  "long_tail_exposure": 0.05748,
  "long_tail_uplift": 0.02237220847944068,
  "map_at_k_mean": 0.00953031746031746,
  "method": "hnsw",
  "metric_topk": 10,
  "min_user_interactions": 5,
  "modality": "u2i",
  "mrr_at_k_mean": 0.00953031746031746,
  "ndcg_at_k_mean": 0.014098603844443235,
  "nprobe": 16,
  "precision_at_k_mean": 0.0029400000000000003,
  "queries": 10000,
  "query_fingerprint": "20fda5956a2183be",
  "recall_at_100_mean": 0.1767,
  "recall_at_k_mean": 0.0294,
  "seed": 42,
  "tail_frac": 0.2,
  "topk": 100,
  "weighting": "bm25"
}