{
  "D": 128,
  "N": 10000,
  "ann_recall_vs_exact_at_100_mean": 0.9208879999999999,
  "ann_recall_vs_exact_at_k_mean": 0.8739900000000002,
  "coverage_at_k": 0.9141,
  "dataset": "goodbooks",
  "detected_method": "flatpq",
  "dim": 128,
  "ef": 128,
  "gini_exposure": 0.570849638,
  "hr_at_k_mean": 0.1562,
  "long_tail_exposure": 0.10281,
  "long_tail_uplift": 0.06770061774570976,
  "map_at_k_mean": 0.0868488492063492,
  "method": "flatpq",
  "metric_topk": 10,
  "modality": "i2i",
  "mrr_at_k_mean": 0.0868488492063492,
  "ndcg_at_k_mean": 0.10332925063319197,
  "nprobe": 16,
  "precision_at_k_mean": 0.015620000000000002,
  "queries": 10000,
  "recall_at_100_mean": 0.2839,
  "recall_at_k_mean": 0.1562,
  "seed": 42,
  "tail_frac": 0.2,
  "topk": 100,
  "weighting": "bm25"
}