{
  "D": 128,
  "N": 10000,
  "ann_recall_vs_exact_at_100_mean": 0.973275,
  "ann_recall_vs_exact_at_k_mean": 0.99669,
  "coverage_at_k": 0.9116,
  "dataset": "goodbooks",
  "detected_method": "ivfflat",
  "dim": 128,
  "ef": 128,
  "gini_exposure": 0.570868106,
  "hr_at_k_mean": 0.1551,
  "long_tail_exposure": 0.09618,
  "long_tail_uplift": 0.06107220847944068,
  "map_at_k_mean": 0.09220988095238095,
  "method": "ivfflat",
  "metric_topk": 10,
  "min_user_interactions": 5,
  "modality": "i2i",
  "mrr_at_k_mean": 0.09220988095238095,
  "ndcg_at_k_mean": 0.10723466321663845,
  "nprobe": 16,
  "precision_at_k_mean": 0.015510000000000003,
  "queries": 10000,
  "query_fingerprint": "f53d2c9f047ccc82",
  "recall_at_100_mean": 0.2839,
  "recall_at_k_mean": 0.1551,
  "seed": 42,
  "tail_frac": 0.2,
  "topk": 100,
  "weighting": "bm25"
}