{
  "D": 128,
  "N": 10000,
  "ann_recall_vs_exact_at_100_mean": 0.788949,
  "ann_recall_vs_exact_at_k_mean": 0.6784899999999999,
  "coverage_at_k": 0.6327,
  "dataset": "goodbooks",
  "detected_method": "ivfpq",
  "dim": 128,
  "ef": 128,
  "gini_exposure": 0.849267088,
  "hr_at_k_mean": 0.0264,
  "long_tail_exposure": 0.08874,
  "long_tail_uplift": 0.053632208479440675,
  "map_at_k_mean": 0.008675079365079365,
  "method": "ivfpq",
  "metric_topk": 10,
  "min_user_interactions": 5,
  "modality": "u2i",
  "mrr_at_k_mean": 0.008675079365079365,
  "ndcg_at_k_mean": 0.012748490851081836,
  "nprobe": 128,
  "precision_at_k_mean": 0.0026400000000000004,
  "queries": 10000,
  "query_fingerprint": "20fda5956a2183be",
  "recall_at_100_mean": 0.1635,
  "recall_at_k_mean": 0.0264,
  "seed": 42,
  "tail_frac": 0.2,
  "topk": 100,
  "weighting": "bm25"
}