{
  "D": 128,
  "N": 10000,
  "ann_recall_vs_exact_at_100_mean": 0.7476299999999999,
  "ann_recall_vs_exact_at_k_mean": 0.60575,
  "coverage_at_k": 0.6009,
  "dataset": "goodbooks",
  "detected_method": "flatpq",
  "dim": 128,
  "ef": 128,
  "gini_exposure": 0.8700238020000001,
  "hr_at_k_mean": 0.0255,
  "long_tail_exposure": 0.08154,
  "long_tail_uplift": 0.04643220847944068,
  "map_at_k_mean": 0.00873269841269841,
  "method": "flatpq",
  "metric_topk": 10,
  "min_user_interactions": 5,
  "modality": "u2i",
  "mrr_at_k_mean": 0.00873269841269841,
  "ndcg_at_k_mean": 0.01259830058562827,
  "nprobe": 16,
  "precision_at_k_mean": 0.00255,
  "queries": 10000,
  "recall_at_100_mean": 0.164,
  "recall_at_k_mean": 0.0255,
  "seed": 42,
  "tail_frac": 0.2,
  "topk": 100,
  "weighting": "bm25"
}