{
  "D": 128,
  "N": 10000,
  "ann_recall_vs_exact_at_100_mean": 0.922524,
  "ann_recall_vs_exact_at_k_mean": 0.8706400000000002,
  "coverage_at_k": 0.9093,
  "dataset": "goodbooks",
  "detected_method": "flatpq",
  "dim": 128,
  "ef": 128,
  "gini_exposure": 0.570735044,
  "hr_at_k_mean": 0.1534,
  "long_tail_exposure": 0.10287,
  "long_tail_uplift": 0.06776220847944067,
  "map_at_k_mean": 0.0871373015873016,
  "method": "flatpq",
  "metric_topk": 10,
  "min_user_interactions": 5,
  "modality": "i2i",
  "mrr_at_k_mean": 0.0871373015873016,
  "ndcg_at_k_mean": 0.10295403957010289,
  "nprobe": 16,
  "precision_at_k_mean": 0.015340000000000001,
  "queries": 10000,
  "recall_at_100_mean": 0.2832,
  "recall_at_k_mean": 0.1534,
  "seed": 42,
  "tail_frac": 0.2,
  "topk": 100,
  "weighting": "bm25"
}