{
  "D": 128,
  "N": 10000,
  "ann_recall_vs_exact_at_100_mean": 0.964875,
  "ann_recall_vs_exact_at_k_mean": 0.9873599999999999,
  "coverage_at_k": 0.677,
  "dataset": "goodbooks",
  "detected_method": "ivfflat",
  "dim": 128,
  "ef": 128,
  "gini_exposure": 0.830396574,
  "hr_at_k_mean": 0.0295,
  "long_tail_exposure": 0.058,
  "long_tail_uplift": 0.02289220847944068,
  "map_at_k_mean": 0.009588650793650793,
  "method": "ivfflat",
  "metric_topk": 10,
  "min_user_interactions": 5,
  "modality": "u2i",
  "mrr_at_k_mean": 0.009588650793650793,
  "ndcg_at_k_mean": 0.014167529459035455,
  "nprobe": 32,
  "precision_at_k_mean": 0.0029500000000000004,
  "queries": 10000,
  "query_fingerprint": "20fda5956a2183be",
  "recall_at_100_mean": 0.177,
  "recall_at_k_mean": 0.0295,
  "seed": 42,
  "tail_frac": 0.2,
  "topk": 100,
  "weighting": "bm25"
}