{
  "D": 128,
  "N": 10000,
  "ann_recall_vs_exact_at_100_mean": 0.7876190000000001,
  "ann_recall_vs_exact_at_k_mean": 0.6735399999999999,
  "coverage_at_k": 0.6398,
  "dataset": "goodbooks",
  "detected_method": "ivfpq",
  "dim": 128,
  "ef": 128,
  "gini_exposure": 0.8486699000000001,
  "hr_at_k_mean": 0.0285,
  "long_tail_exposure": 0.09294,
  "long_tail_uplift": 0.05783061774570976,
  "map_at_k_mean": 0.009588968253968252,
  "method": "ivfpq",
  "metric_topk": 10,
  "modality": "u2i",
  "mrr_at_k_mean": 0.009588968253968252,
  "ndcg_at_k_mean": 0.013918693584428883,
  "nprobe": 128,
  "precision_at_k_mean": 0.0028500000000000005,
  "queries": 10000,
  "recall_at_100_mean": 0.1645,
  "recall_at_k_mean": 0.0285,
  "seed": 42,
  "tail_frac": 0.2,
  "topk": 100,
  "weighting": "bm25"
}