{
  "D": 128,
  "N": 10000,
  "ann_recall_vs_exact_at_100_mean": 0.938866,
  "ann_recall_vs_exact_at_k_mean": 0.9882700000000001,
  "coverage_at_k": 0.9116,
  "dataset": "goodbooks",
  "detected_method": "ivfflat",
  "dim": 128,
  "ef": 128,
  "gini_exposure": 0.5706034440000001,
  "hr_at_k_mean": 0.155,
  "long_tail_exposure": 0.09711,
  "long_tail_uplift": 0.06200220847944068,
  "map_at_k_mean": 0.09224571428571429,
  "method": "ivfflat",
  "metric_topk": 10,
  "min_user_interactions": 5,
  "modality": "i2i",
  "mrr_at_k_mean": 0.09224571428571429,
  "ndcg_at_k_mean": 0.10723647577473583,
  "nprobe": 8,
  "precision_at_k_mean": 0.015500000000000003,
  "queries": 10000,
  "recall_at_100_mean": 0.2816,
  "recall_at_k_mean": 0.155,
  "seed": 42,
  "tail_frac": 0.2,
  "topk": 100,
  "weighting": "bm25"
}