{
  "D": 128,
  "N": 10000,
  "ann_recall_vs_exact_at_100_mean": 0.7590140000000001,
  "ann_recall_vs_exact_at_k_mean": 0.8487600000000001,
  "coverage_at_k": 0.6888,
  "dataset": "goodbooks",
  "detected_method": "ivfflat",
  "dim": 128,
  "ef": 128,
  "gini_exposure": 0.8229038339999999,
  "hr_at_k_mean": 0.0296,
  "long_tail_exposure": 0.06172,
  "long_tail_uplift": 0.026612208479440673,
  "map_at_k_mean": 0.009498373015873016,
  "method": "ivfflat",
  "metric_topk": 10,
  "min_user_interactions": 5,
  "modality": "u2i",
  "mrr_at_k_mean": 0.009498373015873016,
  "ndcg_at_k_mean": 0.014114888376507985,
  "nprobe": 8,
  "precision_at_k_mean": 0.00296,
  "queries": 10000,
  "recall_at_100_mean": 0.1598,
  "recall_at_k_mean": 0.0296,
  "seed": 42,
  "tail_frac": 0.2,
  "topk": 100,
  "weighting": "bm25"
}