{
  "D": 128,
  "N": 3533,
  "ann_recall_vs_exact_at_100_mean": 0.8175136657280105,
  "ann_recall_vs_exact_at_k_mean": 0.757429186682127,
  "coverage_at_k": 0.4228700820832154,
  "dataset": "ml-1m",
  "detected_method": "ivfpq",
  "dim": 128,
  "ef": 128,
  "gini_exposure": 0.939367606712095,
  "hr_at_k_mean": 0.09739937054828557,
  "long_tail_exposure": 0.0008944840152393573,
  "long_tail_uplift": -0.0046075502618017706,
  "map_at_k_mean": 0.03416832969176849,
  "method": "ivfpq",
  "metric_topk": 10,
  "modality": "u2i",
  "mrr_at_k_mean": 0.03416832969176849,
  "ndcg_at_k_mean": 0.0488251245736915,
  "nprobe": 64,
  "precision_at_k_mean": 0.009739937054828557,
  "queries": 6037,
  "recall_at_100_mean": 0.398045386781514,
  "recall_at_k_mean": 0.09739937054828557,
  "seed": 42,
  "tail_frac": 0.2,
  "topk": 100,
  "weighting": "bm25"
}