{
  "D": 128,
  "N": 3533,
  "ann_recall_vs_exact_at_100_mean": 0.7614186277759365,
  "ann_recall_vs_exact_at_k_mean": 0.6182466025853497,
  "coverage_at_k": 0.3673931502971978,
  "dataset": "ml-1m",
  "detected_method": "flatpq",
  "dim": 128,
  "ef": 128,
  "gini_exposure": 0.9605561315391665,
  "hr_at_k_mean": 0.08965860125952933,
  "long_tail_exposure": 0.000977792509115015,
  "long_tail_uplift": -0.0045242997616047895,
  "map_at_k_mean": 0.030000434048329312,
  "method": "flatpq",
  "metric_topk": 10,
  "min_user_interactions": 5,
  "modality": "u2i",
  "mrr_at_k_mean": 0.030000434048329312,
  "ndcg_at_k_mean": 0.043712458951073244,
  "nprobe": 16,
  "precision_at_k_mean": 0.008965860125952933,
  "queries": 6034,
  "recall_at_100_mean": 0.37736161750082864,
  "recall_at_k_mean": 0.08965860125952933,
  "seed": 42,
  "tail_frac": 0.2,
  "topk": 100,
  "weighting": "bm25"
}