{
  "D": 128,
  "N": 3533,
  "ann_recall_vs_exact_at_100_mean": 0.9904737452377008,
  "ann_recall_vs_exact_at_k_mean": 0.9991717740599636,
  "coverage_at_k": 0.7964902349278233,
  "dataset": "ml-1m",
  "detected_method": "ivfflat",
  "dim": 128,
  "ef": 128,
  "gini_exposure": 0.6778905964403585,
  "hr_at_k_mean": 0.11197614709292696,
  "long_tail_exposure": 0.0167135994699354,
  "long_tail_uplift": 0.01121156519289427,
  "map_at_k_mean": 0.04204239202168637,
  "method": "ivfflat",
  "metric_topk": 10,
  "modality": "i2i",
  "mrr_at_k_mean": 0.04204239202168637,
  "ndcg_at_k_mean": 0.05818712583401837,
  "nprobe": 32,
  "precision_at_k_mean": 0.011197614709292694,
  "queries": 6037,
  "recall_at_100_mean": 0.3997018386615869,
  "recall_at_k_mean": 0.11197614709292696,
  "seed": 42,
  "tail_frac": 0.2,
  "topk": 100,
  "weighting": "bm25"
}