{
  "D": 128,
  "N": 3533,
  "ann_recall_vs_exact_at_100_mean": 0.8983244945309911,
  "ann_recall_vs_exact_at_k_mean": 0.882615180643023,
  "coverage_at_k": 0.8086611944523068,
  "dataset": "ml-1m",
  "detected_method": "ivfpq",
  "dim": 128,
  "ef": 128,
  "gini_exposure": 0.671458198803816,
  "hr_at_k_mean": 0.11037454424925422,
  "long_tail_exposure": 0.01904209479615512,
  "long_tail_uplift": 0.013540002525435316,
  "map_at_k_mean": 0.04121032403680729,
  "method": "ivfpq",
  "metric_topk": 10,
  "min_user_interactions": 5,
  "modality": "i2i",
  "mrr_at_k_mean": 0.04121032403680729,
  "ndcg_at_k_mean": 0.057225436990356135,
  "nprobe": 64,
  "precision_at_k_mean": 0.011037454424925423,
  "queries": 6034,
  "query_fingerprint": "5409f142583cb90b",
  "recall_at_100_mean": 0.39410009943652635,
  "recall_at_k_mean": 0.11037454424925422,
  "seed": 42,
  "tail_frac": 0.2,
  "topk": 100,
  "weighting": "bm25"
}