{
  "D": 128,
  "N": 3533,
  "ann_recall_vs_exact_at_100_mean": 0.8156629101756712,
  "ann_recall_vs_exact_at_k_mean": 0.7436360623135566,
  "coverage_at_k": 0.41522785168412113,
  "dataset": "ml-1m",
  "detected_method": "ivfpq",
  "dim": 128,
  "ef": 128,
  "gini_exposure": 0.9430938804084149,
  "hr_at_k_mean": 0.0952933377527345,
  "long_tail_exposure": 0.0007457739476300962,
  "long_tail_uplift": -0.0047563183230897085,
  "map_at_k_mean": 0.033558183520894826,
  "method": "ivfpq",
  "metric_topk": 10,
  "min_user_interactions": 5,
  "modality": "u2i",
  "mrr_at_k_mean": 0.033558183520894826,
  "ndcg_at_k_mean": 0.047833271918989374,
  "nprobe": 64,
  "precision_at_k_mean": 0.00952933377527345,
  "queries": 6034,
  "recall_at_100_mean": 0.4008949287371561,
  "recall_at_k_mean": 0.0952933377527345,
  "seed": 42,
  "tail_frac": 0.2,
  "topk": 100,
  "weighting": "bm25"
}