{
  "D": 128,
  "N": 3533,
  "ann_recall_vs_exact_at_100_mean": 0.8969140301474242,
  "ann_recall_vs_exact_at_k_mean": 0.8825409971840319,
  "coverage_at_k": 0.8143221058590433,
  "dataset": "ml-1m",
  "detected_method": "ivfpq",
  "dim": 128,
  "ef": 128,
  "gini_exposure": 0.6713812609766896,
  "hr_at_k_mean": 0.1126387278449561,
  "long_tail_exposure": 0.018784164320026504,
  "long_tail_uplift": 0.013282130042985375,
  "map_at_k_mean": 0.04216373369512346,
  "method": "ivfpq",
  "metric_topk": 10,
  "modality": "i2i",
  "mrr_at_k_mean": 0.04216373369512346,
  "ndcg_at_k_mean": 0.058453951907050945,
  "nprobe": 64,
  "precision_at_k_mean": 0.011263872784495612,
  "queries": 6037,
  "recall_at_100_mean": 0.39705151565347024,
  "recall_at_k_mean": 0.1126387278449561,
  "seed": 42,
  "tail_frac": 0.2,
  "topk": 100,
  "weighting": "bm25"
}