{
  "D": 128,
  "N": 3533,
  "ann_recall_vs_exact_at_100_mean": 0.9630230246811331,
  "ann_recall_vs_exact_at_k_mean": 0.9993042902103693,
  "coverage_at_k": 0.40928389470704785,
  "dataset": "ml-1m",
  "detected_method": "hnsw",
  "dim": 128,
  "ef": 64,
  "gini_exposure": 0.9462171219736992,
  "hr_at_k_mean": 0.09524598310419083,
  "long_tail_exposure": 0.0007454033460327977,
  "long_tail_uplift": -0.004756630931008331,
  "map_at_k_mean": 0.0349172825775443,
  "method": "hnsw",
  "metric_topk": 10,
  "modality": "u2i",
  "mrr_at_k_mean": 0.0349172825775443,
  "ndcg_at_k_mean": 0.04889590536514545,
  "nprobe": 16,
  "precision_at_k_mean": 0.009524598310419082,
  "queries": 6037,
  "recall_at_100_mean": 0.39622328971343385,
  "recall_at_k_mean": 0.09524598310419083,
  "seed": 42,
  "tail_frac": 0.2,
  "topk": 100,
  "weighting": "bm25"
}