{
  "D": 128,
  "N": 3533,
  "ann_recall_vs_exact_at_100_mean": 1.0,
  "ann_recall_vs_exact_at_k_mean": 1.0,
  "coverage_at_k": 0.7967732804981602,
  "dataset": "ml-1m",
  "detected_method": "flat",
  "dim": 128,
  "ef": 128,
  "gini_exposure": 0.6778737545455458,
  "hr_at_k_mean": 0.11219754723235002,
  "long_tail_exposure": 0.016639045409347034,
  "long_tail_uplift": 0.01113695313862723,
  "map_at_k_mean": 0.041943405359050036,
  "method": "flat",
  "metric_topk": 10,
  "min_user_interactions": 5,
  "modality": "i2i",
  "mrr_at_k_mean": 0.041943405359050036,
  "ndcg_at_k_mean": 0.05815769614277606,
  "nprobe": 16,
  "precision_at_k_mean": 0.011219754723235002,
  "queries": 6034,
  "query_fingerprint": "5409f142583cb90b",
  "recall_at_100_mean": 0.4012263838249917,
  "recall_at_k_mean": 0.11219754723235002,
  "seed": 42,
  "tail_frac": 0.2,
  "topk": 100,
  "weighting": "bm25"
}