{
  "D": 128,
  "N": 3533,
  "ann_recall_vs_exact_at_100_mean": 0.9885323836342556,
  "ann_recall_vs_exact_at_k_mean": 0.9997680967367899,
  "coverage_at_k": 0.40871780356637416,
  "dataset": "ml-1m",
  "detected_method": "ivfflat",
  "dim": 128,
  "ef": 128,
  "gini_exposure": 0.9462905722288739,
  "hr_at_k_mean": 0.09524598310419083,
  "long_tail_exposure": 0.0007454033460327977,
  "long_tail_uplift": -0.004756630931008331,
  "map_at_k_mean": 0.03492122651059209,
  "method": "ivfflat",
  "metric_topk": 10,
  "modality": "u2i",
  "mrr_at_k_mean": 0.03492122651059209,
  "ndcg_at_k_mean": 0.04889969430895441,
  "nprobe": 32,
  "precision_at_k_mean": 0.009524598310419082,
  "queries": 6037,
  "recall_at_100_mean": 0.3940699022693391,
  "recall_at_k_mean": 0.09524598310419083,
  "seed": 42,
  "tail_frac": 0.2,
  "topk": 100,
  "weighting": "bm25"
}