{
  "D": 128,
  "N": 3533,
  "ann_recall_vs_exact_at_100_mean": 0.9908750414318861,
  "ann_recall_vs_exact_at_k_mean": 0.9990719257540602,
  "coverage_at_k": 0.7967732804981602,
  "dataset": "ml-1m",
  "detected_method": "ivfflat",
  "dim": 128,
  "ef": 128,
  "gini_exposure": 0.6780161216827636,
  "hr_at_k_mean": 0.11219754723235002,
  "long_tail_exposure": 0.016655618163738815,
  "long_tail_uplift": 0.01115352589301901,
  "map_at_k_mean": 0.041943405359050036,
  "method": "ivfflat",
  "metric_topk": 10,
  "min_user_interactions": 5,
  "modality": "i2i",
  "mrr_at_k_mean": 0.041943405359050036,
  "ndcg_at_k_mean": 0.05815769614277606,
  "nprobe": 32,
  "precision_at_k_mean": 0.011219754723235002,
  "queries": 6034,
  "recall_at_100_mean": 0.3997348359297315,
  "recall_at_k_mean": 0.11219754723235002,
  "seed": 42,
  "tail_frac": 0.2,
  "topk": 100,
  "weighting": "bm25"
}