{
  "D": 128,
  "N": 3533,
  "ann_recall_vs_exact_at_100_mean": 0.9886277759363606,
  "ann_recall_vs_exact_at_k_mean": 0.9998176997016903,
  "coverage_at_k": 0.4067364845740164,
  "dataset": "ml-1m",
  "detected_method": "ivfflat",
  "dim": 128,
  "ef": 128,
  "gini_exposure": 0.9464480126345087,
  "hr_at_k_mean": 0.0951276102088167,
  "long_tail_exposure": 0.0006629101756711965,
  "long_tail_uplift": -0.004839182095048608,
  "map_at_k_mean": 0.03477674132297931,
  "method": "ivfflat",
  "metric_topk": 10,
  "min_user_interactions": 5,
  "modality": "u2i",
  "mrr_at_k_mean": 0.03477674132297931,
  "ndcg_at_k_mean": 0.04876195909688952,
  "nprobe": 32,
  "precision_at_k_mean": 0.009512761020881671,
  "queries": 6034,
  "recall_at_100_mean": 0.39393437189260855,
  "recall_at_k_mean": 0.0951276102088167,
  "seed": 42,
  "tail_frac": 0.2,
  "topk": 100,
  "weighting": "bm25"
}