{
  "D": 128,
  "N": 3533,
  "ann_recall_vs_exact_at_100_mean": 0.9481455087835597,
  "ann_recall_vs_exact_at_k_mean": 0.9920285051375538,
  "coverage_at_k": 0.7964902349278233,
  "dataset": "ml-1m",
  "detected_method": "ivfflat",
  "dim": 128,
  "ef": 128,
  "gini_exposure": 0.6784629903140624,
  "hr_at_k_mean": 0.11153463705667882,
  "long_tail_exposure": 0.016639045409347034,
  "long_tail_uplift": 0.01113695313862723,
  "map_at_k_mean": 0.04168100341451352,
  "method": "ivfflat",
  "metric_topk": 10,
  "min_user_interactions": 5,
  "modality": "i2i",
  "mrr_at_k_mean": 0.04168100341451352,
  "ndcg_at_k_mean": 0.057808261420944966,
  "nprobe": 16,
  "precision_at_k_mean": 0.011153463705667882,
  "queries": 6034,
  "query_fingerprint": "5409f142583cb90b",
  "recall_at_100_mean": 0.38945972820682795,
  "recall_at_k_mean": 0.11153463705667882,
  "seed": 42,
  "tail_frac": 0.2,
  "topk": 100,
  "weighting": "bm25"
}