{
  "D": 128,
  "N": 3533,
  "ann_recall_vs_exact_at_100_mean": 0.8682913490222076,
  "ann_recall_vs_exact_at_k_mean": 0.8460722572091482,
  "coverage_at_k": 0.8058307387489386,
  "dataset": "ml-1m",
  "detected_method": "flatpq",
  "dim": 128,
  "ef": 128,
  "gini_exposure": 0.678148084526395,
  "hr_at_k_mean": 0.10954590652966523,
  "long_tail_exposure": 0.020235333112363276,
  "long_tail_uplift": 0.014733240841643472,
  "map_at_k_mean": 0.04139209821592984,
  "method": "flatpq",
  "metric_topk": 10,
  "min_user_interactions": 5,
  "modality": "i2i",
  "mrr_at_k_mean": 0.04139209821592984,
  "ndcg_at_k_mean": 0.05715648578034368,
  "nprobe": 16,
  "precision_at_k_mean": 0.010954590652966521,
  "queries": 6034,
  "recall_at_100_mean": 0.39177991382167715,
  "recall_at_k_mean": 0.10954590652966523,
  "seed": 42,
  "tail_frac": 0.2,
  "topk": 100,
  "weighting": "bm25"
}