{
  "D": 128,
  "N": 22884,
  "ann_recall_vs_exact_at_100_mean": 0.884368,
  "ann_recall_vs_exact_at_k_mean": 0.8750200000000002,
  "coverage_at_k": 0.349938821884286,
  "dataset": "ml-20m",
  "detected_method": "ivfpq",
  "dim": 128,
  "ef": 128,
  "gini_exposure": 0.8875512646390492,
  "hr_at_k_mean": 0.0891,
  "long_tail_exposure": 0.0038,
  "long_tail_uplift": 0.0032046768941484333,
  "map_at_k_mean": 0.038983253968253966,
  "method": "ivfpq",
  "metric_topk": 10,
  "modality": "i2i",
  "mrr_at_k_mean": 0.038983253968253966,
  "ndcg_at_k_mean": 0.0506462609272127,
  "nprobe": 256,
  "precision_at_k_mean": 0.00891,
  "queries": 10000,
  "recall_at_100_mean": 0.2781,
  "recall_at_k_mean": 0.0891,
  "seed": 42,
  "tail_frac": 0.2,
  "topk": 100,
  "weighting": "bm25"
}