{
  "D": 128,
  "N": 22884,
  "ann_recall_vs_exact_at_100_mean": 0.868841,
  "ann_recall_vs_exact_at_k_mean": 0.9561,
  "coverage_at_k": 0.2071753190001748,
  "dataset": "ml-20m",
  "detected_method": "ivfflat",
  "dim": 128,
  "ef": 128,
  "gini_exposure": 0.9656725004369865,
  "hr_at_k_mean": 0.0864,
  "long_tail_exposure": 3e-05,
  "long_tail_uplift": -0.0005653231058515667,
  "map_at_k_mean": 0.03203892857142857,
  "method": "ivfflat",
  "metric_topk": 10,
  "modality": "u2i",
  "mrr_at_k_mean": 0.03203892857142857,
  "ndcg_at_k_mean": 0.044615428624914445,
  "nprobe": 16,
  "precision_at_k_mean": 0.00864,
  "queries": 10000,
  "recall_at_100_mean": 0.356,
  "recall_at_k_mean": 0.0864,
  "seed": 42,
  "tail_frac": 0.2,
  "topk": 100,
  "weighting": "bm25"
}