{
  "D": 128,
  "N": 22884,
  "ann_recall_vs_exact_at_100_mean": 0.985482,
  "ann_recall_vs_exact_at_k_mean": 0.99966,
  "coverage_at_k": 0.34919594476490123,
  "dataset": "ml-20m",
  "detected_method": "hnsw",
  "dim": 128,
  "ef": 64,
  "gini_exposure": 0.886465106624716,
  "hr_at_k_mean": 0.0907,
  "long_tail_exposure": 0.00302,
  "long_tail_uplift": 0.0024246768941484334,
  "map_at_k_mean": 0.039901984126984126,
  "method": "hnsw",
  "metric_topk": 10,
  "modality": "i2i",
  "mrr_at_k_mean": 0.039901984126984126,
  "ndcg_at_k_mean": 0.051688387548806745,
  "nprobe": 16,
  "precision_at_k_mean": 0.009070000000000002,
  "queries": 10000,
  "recall_at_100_mean": 0.274,
  "recall_at_k_mean": 0.0907,
  "seed": 42,
  "tail_frac": 0.2,
  "topk": 100,
  "weighting": "bm25"
}