{
  "D": 128,
  "N": 22884,
  "ann_recall_vs_exact_at_100_mean": 0.8824110000000001,
  "ann_recall_vs_exact_at_k_mean": 0.8766900000000002,
  "coverage_at_k": 0.3473169026393987,
  "dataset": "ml-20m",
  "detected_method": "ivfpq",
  "dim": 128,
  "ef": 128,
  "gini_exposure": 0.8881920075161686,
  "hr_at_k_mean": 0.0896,
  "long_tail_exposure": 0.00348,
  "long_tail_uplift": 0.002884585488061143,
  "map_at_k_mean": 0.037338611111111114,
  "method": "ivfpq",
  "metric_topk": 10,
  "min_user_interactions": 5,
  "modality": "i2i",
  "mrr_at_k_mean": 0.037338611111111114,
  "ndcg_at_k_mean": 0.04954758929073104,
  "nprobe": 256,
  "precision_at_k_mean": 0.008960000000000001,
  "queries": 10000,
  "recall_at_100_mean": 0.2854,
  "recall_at_k_mean": 0.0896,
  "seed": 42,
  "tail_frac": 0.2,
  "topk": 100,
  "weighting": "bm25"
}