{
  "D": 128,
  "N": 22884,
  "ann_recall_vs_exact_at_100_mean": 0.86195,
  "ann_recall_vs_exact_at_k_mean": 0.9525299999999999,
  "coverage_at_k": 0.20485929033385772,
  "dataset": "ml-20m",
  "detected_method": "ivfflat",
  "dim": 128,
  "ef": 128,
  "gini_exposure": 0.9667499187205034,
  "hr_at_k_mean": 0.0832,
  "long_tail_exposure": 1e-05,
  "long_tail_uplift": -0.0005854145119388572,
  "map_at_k_mean": 0.0274809126984127,
  "method": "ivfflat",
  "metric_topk": 10,
  "min_user_interactions": 5,
  "modality": "u2i",
  "mrr_at_k_mean": 0.0274809126984127,
  "ndcg_at_k_mean": 0.040328706904742016,
  "nprobe": 16,
  "precision_at_k_mean": 0.008320000000000001,
  "queries": 10000,
  "recall_at_100_mean": 0.3567,
  "recall_at_k_mean": 0.0832,
  "seed": 42,
  "tail_frac": 0.2,
  "topk": 100,
  "weighting": "bm25"
}