{
  "D": 128,
  "N": 22884,
  "ann_recall_vs_exact_at_100_mean": 0.717235,
  "ann_recall_vs_exact_at_k_mean": 0.62793,
  "coverage_at_k": 0.17763502884111168,
  "dataset": "ml-20m",
  "detected_method": "ivfpq",
  "dim": 128,
  "ef": 128,
  "gini_exposure": 0.9745487808075511,
  "hr_at_k_mean": 0.0837,
  "long_tail_exposure": 8e-05,
  "long_tail_uplift": -0.0005154145119388573,
  "map_at_k_mean": 0.028565476190476186,
  "method": "ivfpq",
  "metric_topk": 10,
  "min_user_interactions": 5,
  "modality": "u2i",
  "mrr_at_k_mean": 0.028565476190476186,
  "ndcg_at_k_mean": 0.04130273798024505,
  "nprobe": 256,
  "precision_at_k_mean": 0.00837,
  "queries": 10000,
  "recall_at_100_mean": 0.3544,
  "recall_at_k_mean": 0.0837,
  "seed": 42,
  "tail_frac": 0.2,
  "topk": 100,
  "weighting": "bm25"
}