{
  "D": 128,
  "N": 22884,
  "ann_recall_vs_exact_at_100_mean": 0.729329,
  "ann_recall_vs_exact_at_k_mean": 0.6447700000000001,
  "coverage_at_k": 0.18300996329313057,
  "dataset": "ml-20m",
  "detected_method": "ivfpq",
  "dim": 128,
  "ef": 128,
  "gini_exposure": 0.9740729575249083,
  "hr_at_k_mean": 0.0839,
  "long_tail_exposure": 9e-05,
  "long_tail_uplift": -0.0005053231058515667,
  "map_at_k_mean": 0.029935515873015874,
  "method": "ivfpq",
  "metric_topk": 10,
  "modality": "u2i",
  "mrr_at_k_mean": 0.029935515873015874,
  "ndcg_at_k_mean": 0.042400287444860886,
  "nprobe": 256,
  "precision_at_k_mean": 0.00839,
  "queries": 10000,
  "recall_at_100_mean": 0.3519,
  "recall_at_k_mean": 0.0839,
  "seed": 42,
  "tail_frac": 0.2,
  "topk": 100,
  "weighting": "bm25"
}