{
  "D": 128,
  "N": 22884,
  "ann_recall_vs_exact_at_100_mean": 0.9484,
  "ann_recall_vs_exact_at_k_mean": 0.9893200000000001,
  "coverage_at_k": 0.3462244362873623,
  "dataset": "ml-20m",
  "detected_method": "ivfflat",
  "dim": 128,
  "ef": 128,
  "gini_exposure": 0.8878879391714735,
  "hr_at_k_mean": 0.088,
  "long_tail_exposure": 0.00297,
  "long_tail_uplift": 0.002374585488061143,
  "map_at_k_mean": 0.037000396825396825,
  "method": "ivfflat",
  "metric_topk": 10,
  "min_user_interactions": 5,
  "modality": "i2i",
  "mrr_at_k_mean": 0.037000396825396825,
  "ndcg_at_k_mean": 0.04892943729640228,
  "nprobe": 16,
  "precision_at_k_mean": 0.0088,
  "queries": 10000,
  "recall_at_100_mean": 0.2781,
  "recall_at_k_mean": 0.088,
  "seed": 42,
  "tail_frac": 0.2,
  "topk": 100,
  "weighting": "bm25"
}