{
  "D": 128,
  "N": 22884,
  "ann_recall_vs_exact_at_100_mean": 0.963957,
  "ann_recall_vs_exact_at_k_mean": 0.99116,
  "coverage_at_k": 0.20381052263590282,
  "dataset": "ml-20m",
  "detected_method": "ivfflat",
  "dim": 128,
  "ef": 128,
  "gini_exposure": 0.9663773929382975,
  "hr_at_k_mean": 0.0829,
  "long_tail_exposure": 0.0,
  "long_tail_uplift": -0.0005954145119388572,
  "map_at_k_mean": 0.02754686507936508,
  "method": "ivfflat",
  "metric_topk": 10,
  "min_user_interactions": 5,
  "modality": "u2i",
  "mrr_at_k_mean": 0.02754686507936508,
  "ndcg_at_k_mean": 0.040316455651801864,
  "nprobe": 32,
  "precision_at_k_mean": 0.00829,
  "queries": 10000,
  "query_fingerprint": "a28bf676ab8a3509",
  "recall_at_100_mean": 0.359,
  "recall_at_k_mean": 0.0829,
  "seed": 42,
  "tail_frac": 0.2,
  "topk": 100,
  "weighting": "bm25"
}