{
  "D": 128,
  "N": 22884,
  "ann_recall_vs_exact_at_100_mean": 0.691198,
  "ann_recall_vs_exact_at_k_mean": 0.5763699999999999,
  "coverage_at_k": 0.17252228631358155,
  "dataset": "ml-20m",
  "detected_method": "flatpq",
  "dim": 128,
  "ef": 128,
  "gini_exposure": 0.9780028762454116,
  "hr_at_k_mean": 0.084,
  "long_tail_exposure": 7e-05,
  "long_tail_uplift": -0.0005253231058515667,
  "map_at_k_mean": 0.03050515873015873,
  "method": "flatpq",
  "metric_topk": 10,
  "modality": "u2i",
  "mrr_at_k_mean": 0.03050515873015873,
  "ndcg_at_k_mean": 0.042857968689541996,
  "nprobe": 16,
  "precision_at_k_mean": 0.008400000000000001,
  "queries": 10000,
  "recall_at_100_mean": 0.3415,
  "recall_at_k_mean": 0.084,
  "seed": 42,
  "tail_frac": 0.2,
  "topk": 100,
  "weighting": "bm25"
}