{
  "D": 128,
  "N": 22884,
  "ann_recall_vs_exact_at_100_mean": 0.859734,
  "ann_recall_vs_exact_at_k_mean": 0.8338200000000001,
  "coverage_at_k": 0.34653032686593255,
  "dataset": "ml-20m",
  "detected_method": "flatpq",
  "dim": 128,
  "ef": 128,
  "gini_exposure": 0.8887005261317952,
  "hr_at_k_mean": 0.089,
  "long_tail_exposure": 0.00329,
  "long_tail_uplift": 0.002694585488061143,
  "map_at_k_mean": 0.03671757936507936,
  "method": "flatpq",
  "metric_topk": 10,
  "min_user_interactions": 5,
  "modality": "i2i",
  "mrr_at_k_mean": 0.03671757936507936,
  "ndcg_at_k_mean": 0.048885908628089746,
  "nprobe": 16,
  "precision_at_k_mean": 0.008900000000000002,
  "queries": 10000,
  "recall_at_100_mean": 0.2818,
  "recall_at_k_mean": 0.089,
  "seed": 42,
  "tail_frac": 0.2,
  "topk": 100,
  "weighting": "bm25"
}