{
  "D": 128,
  "N": 22884,
  "ann_recall_vs_exact_at_100_mean": 0.69345,
  "ann_recall_vs_exact_at_k_mean": 0.5698699999999999,
  "coverage_at_k": 0.16762803705645865,
  "dataset": "ml-20m",
  "detected_method": "flatpq",
  "dim": 128,
  "ef": 128,
  "gini_exposure": 0.9785631130921167,
  "hr_at_k_mean": 0.0821,
  "long_tail_exposure": 0.00015,
  "long_tail_uplift": -0.0004454145119388573,
  "map_at_k_mean": 0.02803464285714286,
  "method": "flatpq",
  "metric_topk": 10,
  "min_user_interactions": 5,
  "modality": "u2i",
  "mrr_at_k_mean": 0.02803464285714286,
  "ndcg_at_k_mean": 0.04049691856159353,
  "nprobe": 16,
  "precision_at_k_mean": 0.00821,
  "queries": 10000,
  "query_fingerprint": "a28bf676ab8a3509",
  "recall_at_100_mean": 0.3416,
  "recall_at_k_mean": 0.0821,
  "seed": 42,
  "tail_frac": 0.2,
  "topk": 100,
  "weighting": "bm25"
}