{
  "D": 128,
  "N": 22884,
  "ann_recall_vs_exact_at_100_mean": 1.0,
  "ann_recall_vs_exact_at_k_mean": 1.0,
  "coverage_at_k": 0.20673833245936024,
  "dataset": "ml-20m",
  "detected_method": "flat",
  "dim": 128,
  "ef": 128,
  "gini_exposure": 0.9652551695507778,
  "hr_at_k_mean": 0.0867,
  "long_tail_exposure": 2e-05,
  "long_tail_uplift": -0.0005753231058515666,
  "map_at_k_mean": 0.031960357142857145,
  "method": "flat",
  "metric_topk": 10,
  "modality": "u2i",
  "mrr_at_k_mean": 0.031960357142857145,
  "ndcg_at_k_mean": 0.04462771335874443,
  "nprobe": 16,
  "precision_at_k_mean": 0.008669999999999999,
  "queries": 10000,
  "recall_at_100_mean": 0.3636,
  "recall_at_k_mean": 0.0867,
  "seed": 42,
  "tail_frac": 0.2,
  "topk": 100,
  "weighting": "bm25"
}