{
  "D": 128,
  "N": 22884,
  "ann_recall_vs_exact_at_100_mean": 0.9532889999999999,
  "ann_recall_vs_exact_at_k_mean": 0.9979299999999999,
  "coverage_at_k": 0.203155042824681,
  "dataset": "ml-20m",
  "detected_method": "hnsw",
  "dim": 128,
  "ef": 64,
  "gini_exposure": 0.9662436960321622,
  "hr_at_k_mean": 0.0832,
  "long_tail_exposure": 0.0,
  "long_tail_uplift": -0.0005954145119388572,
  "map_at_k_mean": 0.027537420634920637,
  "method": "hnsw",
  "metric_topk": 10,
  "min_user_interactions": 5,
  "modality": "u2i",
  "mrr_at_k_mean": 0.027537420634920637,
  "ndcg_at_k_mean": 0.040377696810110435,
  "nprobe": 16,
  "precision_at_k_mean": 0.008320000000000001,
  "queries": 10000,
  "query_fingerprint": "a28bf676ab8a3509",
  "recall_at_100_mean": 0.3639,
  "recall_at_k_mean": 0.0832,
  "seed": 42,
  "tail_frac": 0.2,
  "topk": 100,
  "weighting": "bm25"
}