{
  "D": 128,
  "N": 22884,
  "ann_recall_vs_exact_at_100_mean": 0.9540099999999998,
  "ann_recall_vs_exact_at_k_mean": 0.9980599999999998,
  "coverage_at_k": 0.20691312707568607,
  "dataset": "ml-20m",
  "detected_method": "hnsw",
  "dim": 128,
  "ef": 64,
  "gini_exposure": 0.9652198094738682,
  "hr_at_k_mean": 0.0867,
  "long_tail_exposure": 2e-05,
  "long_tail_uplift": -0.0005753231058515666,
  "map_at_k_mean": 0.031958571428571426,
  "method": "hnsw",
  "metric_topk": 10,
  "modality": "u2i",
  "mrr_at_k_mean": 0.031958571428571426,
  "ndcg_at_k_mean": 0.04462592651308967,
  "nprobe": 16,
  "precision_at_k_mean": 0.008669999999999999,
  "queries": 10000,
  "recall_at_100_mean": 0.3634,
  "recall_at_k_mean": 0.0867,
  "seed": 42,
  "tail_frac": 0.2,
  "topk": 100,
  "weighting": "bm25"
}