{
  "D": 128,
  "N": 22884,
  "ann_recall_vs_exact_at_100_mean": 1.0,
  "ann_recall_vs_exact_at_k_mean": 1.0,
  "coverage_at_k": 0.3467488201363398,
  "dataset": "ml-20m",
  "detected_method": "flat",
  "dim": 128,
  "ef": 128,
  "gini_exposure": 0.8873155488550953,
  "hr_at_k_mean": 0.0885,
  "long_tail_exposure": 0.00284,
  "long_tail_uplift": 0.002244585488061143,
  "map_at_k_mean": 0.037293571428571426,
  "method": "flat",
  "metric_topk": 10,
  "min_user_interactions": 5,
  "modality": "i2i",
  "mrr_at_k_mean": 0.037293571428571426,
  "ndcg_at_k_mean": 0.04927211711904937,
  "nprobe": 16,
  "precision_at_k_mean": 0.00885,
  "queries": 10000,
  "recall_at_100_mean": 0.2798,
  "recall_at_k_mean": 0.0885,
  "seed": 42,
  "tail_frac": 0.2,
  "topk": 100,
  "weighting": "bm25"
}