{
  "achieved_recall_vs_exact": 0.95379,
  "calibrated_param_value": 8,
  "dataset": "goodbooks",
  "dim": 128,
  "latency_ms_at_calibrated": {
    "mean": 0.02579320001132146,
    "p50": 0.024400000256719068,
    "p95": 0.03341499968882998
  },
  "method": "ivfflat",
  "n_calibration_queries": 1000,
  "param_name": "nprobe",
  "seed": 42,
  "sweep": [
    {
      "latency_ms": {
        "mean": 0.013870199971279362,
        "p50": 0.012299999980314169,
        "p95": 0.019610000072134415
      },
      "param_value": 1,
      "recall_vs_exact": 0.60321
    },
    {
      "latency_ms": {
        "mean": 0.016966000002867077,
        "p50": 0.016449999748147093,
        "p95": 0.022600000193051528
      },
      "param_value": 2,
      "recall_vs_exact": 0.78068
    },
    {
      "latency_ms": {
        "mean": 0.017554400028529926,
        "p50": 0.015900000107649248,
        "p95": 0.02682000031200003
      },
      "param_value": 4,
      "recall_vs_exact": 0.89582
    },
    {
      "latency_ms": {
        "mean": 0.02579320001132146,
        "p50": 0.024400000256719068,
        "p95": 0.03341499968882998
      },
      "param_value": 8,
      "recall_vs_exact": 0.95379
    }
  ],
  "target_reached": true,
  "target_recall": 0.95,
  "topk": 100,
  "weighting": "bm25"
}