{
  "method": "ivfpq",
  "param_name": "nprobe",
  "target_recall": 0.9,
  "target_reached": true,
  "calibrated_param_value": 8,
  "achieved_recall_vs_exact": 0.91404,
  "latency_ms_at_calibrated": {
    "mean": 0.04993319999266532,
    "p50": 0.04810000064026099,
    "p95": 0.06610999944314243
  },
  "topk": 100,
  "n_calibration_queries": 1000,
  "seed": 42,
  "sweep": [
    {
      "param_value": 1,
      "recall_vs_exact": 0.60885,
      "latency_ms": {
        "mean": 0.027893400052562356,
        "p50": 0.027099998987978324,
        "p95": 0.03311999926154383
      }
    },
    {
      "param_value": 2,
      "recall_vs_exact": 0.77416,
      "latency_ms": {
        "mean": 0.032615199979773024,
        "p50": 0.03130000004603062,
        "p95": 0.04271499956303158
      }
    },
    {
      "param_value": 4,
      "recall_vs_exact": 0.87308,
      "latency_ms": {
        "mean": 0.040706399970076745,
        "p50": 0.03839999953925144,
        "p95": 0.05484000075739456
      }
    },
    {
      "param_value": 8,
      "recall_vs_exact": 0.91404,
      "latency_ms": {
        "mean": 0.04993319999266532,
        "p50": 0.04810000064026099,
        "p95": 0.06610999944314243
      }
    }
  ],
  "dataset": "goodbooks",
  "weighting": "bm25",
  "dim": 128
}