{
  "achieved_recall_vs_exact": 0.91391,
  "calibrated_param_value": 8,
  "dataset": "goodbooks",
  "dim": 128,
  "latency_ms_at_calibrated": {
    "mean": 0.04331280000587867,
    "p50": 0.03990000004705507,
    "p95": 0.047745000301802024
  },
  "method": "ivfpq",
  "n_calibration_queries": 1000,
  "param_name": "nprobe",
  "seed": 42,
  "sweep": [
    {
      "latency_ms": {
        "mean": 0.07435899997653905,
        "p50": 0.06144999997559353,
        "p95": 0.13739999944846204
      },
      "param_value": 1,
      "recall_vs_exact": 0.60733
    },
    {
      "latency_ms": {
        "mean": 0.0327239999842277,
        "p50": 0.029400000130408444,
        "p95": 0.0355099993157637
      },
      "param_value": 2,
      "recall_vs_exact": 0.77382
    },
    {
      "latency_ms": {
        "mean": 0.05365619998701732,
        "p50": 0.0511000002916262,
        "p95": 0.06543499957842866
      },
      "param_value": 4,
      "recall_vs_exact": 0.8727
    },
    {
      "latency_ms": {
        "mean": 0.04331280000587867,
        "p50": 0.03990000004705507,
        "p95": 0.047745000301802024
      },
      "param_value": 8,
      "recall_vs_exact": 0.91391
    }
  ],
  "target_reached": true,
  "target_recall": 0.9,
  "topk": 100,
  "weighting": "bm25"
}