{
  "achieved_recall_vs_exact": 0.97175,
  "calibrated_param_value": 64,
  "dataset": "goodbooks",
  "dim": 128,
  "latency_ms_at_calibrated": {
    "mean": 0.04703179998432461,
    "p50": 0.04444999967745389,
    "p95": 0.07192500083874617
  },
  "method": "hnsw",
  "n_calibration_queries": 1000,
  "param_name": "ef",
  "seed": 42,
  "sweep": [
    {
      "latency_ms": {
        "mean": 0.015237400002661161,
        "p50": 0.014000000192027073,
        "p95": 0.02281499987475398
      },
      "param_value": 8,
      "recall_vs_exact": 0.45988
    },
    {
      "latency_ms": {
        "mean": 0.01934340000116208,
        "p50": 0.016149999737535836,
        "p95": 0.03973999946538239
      },
      "param_value": 16,
      "recall_vs_exact": 0.61739
    },
    {
      "latency_ms": {
        "mean": 0.02718480000294221,
        "p50": 0.026650000108929817,
        "p95": 0.0355100002252584
      },
      "param_value": 32,
      "recall_vs_exact": 0.81379
    },
    {
      "latency_ms": {
        "mean": 0.04703179998432461,
        "p50": 0.04444999967745389,
        "p95": 0.07192500083874617
      },
      "param_value": 64,
      "recall_vs_exact": 0.97175
    }
  ],
  "target_reached": true,
  "target_recall": 0.95,
  "topk": 100,
  "weighting": "bm25"
}