{
  "method": "hnsw",
  "param_name": "ef",
  "target_recall": 0.9,
  "target_reached": true,
  "calibrated_param_value": 64,
  "achieved_recall_vs_exact": 0.97171,
  "latency_ms_at_calibrated": {
    "mean": 0.046963599997980054,
    "p50": 0.04540000009001233,
    "p95": 0.061720000485365724
  },
  "topk": 100,
  "n_calibration_queries": 1000,
  "seed": 42,
  "sweep": [
    {
      "param_value": 8,
      "recall_vs_exact": 0.46005,
      "latency_ms": {
        "mean": 0.02548320001733373,
        "p50": 0.0227999998969608,
        "p95": 0.03740500096682808
      }
    },
    {
      "param_value": 16,
      "recall_vs_exact": 0.61746,
      "latency_ms": {
        "mean": 0.027595800031122053,
        "p50": 0.025600000299164094,
        "p95": 0.041205000798072426
      }
    },
    {
      "param_value": 32,
      "recall_vs_exact": 0.81369,
      "latency_ms": {
        "mean": 0.03856240001186961,
        "p50": 0.03500000002532033,
        "p95": 0.05852499980392165
      }
    },
    {
      "param_value": 64,
      "recall_vs_exact": 0.97171,
      "latency_ms": {
        "mean": 0.046963599997980054,
        "p50": 0.04540000009001233,
        "p95": 0.061720000485365724
      }
    }
  ],
  "dataset": "goodbooks",
  "weighting": "bm25",
  "dim": 128
}