{
  "method": "hnsw",
  "param_name": "ef",
  "target_recall": 0.95,
  "target_reached": true,
  "calibrated_param_value": 64,
  "achieved_recall_vs_exact": 0.97171,
  "latency_ms_at_calibrated": {
    "mean": 0.04874359998575528,
    "p50": 0.04689999877882656,
    "p95": 0.06330500000331085
  },
  "topk": 100,
  "n_calibration_queries": 1000,
  "seed": 42,
  "sweep": [
    {
      "param_value": 8,
      "recall_vs_exact": 0.46005,
      "latency_ms": {
        "mean": 0.019105599967588205,
        "p50": 0.01810000048863003,
        "p95": 0.02741500120464478
      }
    },
    {
      "param_value": 16,
      "recall_vs_exact": 0.61746,
      "latency_ms": {
        "mean": 0.028843999996752245,
        "p50": 0.026949999664793722,
        "p95": 0.042504999873926856
      }
    },
    {
      "param_value": 32,
      "recall_vs_exact": 0.81369,
      "latency_ms": {
        "mean": 0.04101559999980964,
        "p50": 0.037599998904624954,
        "p95": 0.06000999856041744
      }
    },
    {
      "param_value": 64,
      "recall_vs_exact": 0.97171,
      "latency_ms": {
        "mean": 0.04874359998575528,
        "p50": 0.04689999877882656,
        "p95": 0.06330500000331085
      }
    }
  ],
  "dataset": "goodbooks",
  "weighting": "bm25",
  "dim": 128
}