{
  "method": "ivfflat",
  "param_name": "nprobe",
  "target_recall": 0.95,
  "target_reached": true,
  "calibrated_param_value": 8,
  "achieved_recall_vs_exact": 0.95382,
  "latency_ms_at_calibrated": {
    "mean": 0.027609000007942086,
    "p50": 0.02660000063769985,
    "p95": 0.037705001432186684
  },
  "topk": 100,
  "n_calibration_queries": 1000,
  "seed": 42,
  "sweep": [
    {
      "param_value": 1,
      "recall_vs_exact": 0.60317,
      "latency_ms": {
        "mean": 0.009986999950342579,
        "p50": 0.009399998816661537,
        "p95": 0.013900000340072438
      }
    },
    {
      "param_value": 2,
      "recall_vs_exact": 0.78066,
      "latency_ms": {
        "mean": 0.012967199942067964,
        "p50": 0.012599999536178075,
        "p95": 0.01669999983278103
      }
    },
    {
      "param_value": 4,
      "recall_vs_exact": 0.89606,
      "latency_ms": {
        "mean": 0.017349999947327888,
        "p50": 0.016700001651770435,
        "p95": 0.023199998486234108
      }
    },
    {
      "param_value": 8,
      "recall_vs_exact": 0.95382,
      "latency_ms": {
        "mean": 0.027609000007942086,
        "p50": 0.02660000063769985,
        "p95": 0.037705001432186684
      }
    }
  ],
  "dataset": "goodbooks",
  "weighting": "bm25",
  "dim": 128
}