{
  "achieved_recall_vs_exact": 0.95379,
  "calibrated_param_value": 8,
  "dataset": "goodbooks",
  "dim": 128,
  "latency_ms_at_calibrated": {
    "mean": 0.02168359996721847,
    "p50": 0.02145000007658382,
    "p95": 0.025505000394332452
  },
  "method": "ivfflat",
  "n_calibration_queries": 1000,
  "param_name": "nprobe",
  "seed": 42,
  "sweep": [
    {
      "latency_ms": {
        "mean": 0.012275799992494285,
        "p50": 0.011799999811046291,
        "p95": 0.017405000562575875
      },
      "param_value": 1,
      "recall_vs_exact": 0.60321
    },
    {
      "latency_ms": {
        "mean": 0.0178101999899809,
        "p50": 0.016799999684735667,
        "p95": 0.024824999673000978
      },
      "param_value": 2,
      "recall_vs_exact": 0.78068
    },
    {
      "latency_ms": {
        "mean": 0.021874799977013026,
        "p50": 0.01939999992828234,
        "p95": 0.03641500061348778
      },
      "param_value": 4,
      "recall_vs_exact": 0.89582
    },
    {
      "latency_ms": {
        "mean": 0.02168359996721847,
        "p50": 0.02145000007658382,
        "p95": 0.025505000394332452
      },
      "param_value": 8,
      "recall_vs_exact": 0.95379
    }
  ],
  "target_reached": true,
  "target_recall": 0.9,
  "topk": 100,
  "weighting": "bm25"
}