{
  "method": "ivfflat",
  "param_name": "nprobe",
  "target_recall": 0.9,
  "target_reached": true,
  "calibrated_param_value": 8,
  "achieved_recall_vs_exact": 0.95382,
  "latency_ms_at_calibrated": {
    "mean": 0.024524800071958452,
    "p50": 0.023599999622092582,
    "p95": 0.0328150004861527
  },
  "topk": 100,
  "n_calibration_queries": 1000,
  "seed": 42,
  "sweep": [
    {
      "param_value": 1,
      "recall_vs_exact": 0.60317,
      "latency_ms": {
        "mean": 0.009455799998249859,
        "p50": 0.009199999112752266,
        "p95": 0.01260500130229047
      }
    },
    {
      "param_value": 2,
      "recall_vs_exact": 0.78066,
      "latency_ms": {
        "mean": 0.01296139993428369,
        "p50": 0.012599999536178075,
        "p95": 0.016904999483813295
      }
    },
    {
      "param_value": 4,
      "recall_vs_exact": 0.89606,
      "latency_ms": {
        "mean": 0.01679000001604436,
        "p50": 0.01610000072105322,
        "p95": 0.020899999071843922
      }
    },
    {
      "param_value": 8,
      "recall_vs_exact": 0.95382,
      "latency_ms": {
        "mean": 0.024524800071958452,
        "p50": 0.023599999622092582,
        "p95": 0.0328150004861527
      }
    }
  ],
  "dataset": "goodbooks",
  "weighting": "bm25",
  "dim": 128
}