{
  "achieved_recall_vs_exact": 0.97175,
  "calibrated_param_value": 64,
  "dataset": "goodbooks",
  "dim": 128,
  "latency_ms_at_calibrated": {
    "mean": 0.037231600002996856,
    "p50": 0.03409999953873921,
    "p95": 0.06180500035952718
  },
  "method": "hnsw",
  "n_calibration_queries": 1000,
  "param_name": "ef",
  "seed": 42,
  "sweep": [
    {
      "latency_ms": {
        "mean": 0.01352200000837911,
        "p50": 0.013100000614940654,
        "p95": 0.019010000050911902
      },
      "param_value": 8,
      "recall_vs_exact": 0.45988
    },
    {
      "latency_ms": {
        "mean": 0.037453799985087244,
        "p50": 0.03635000030044466,
        "p95": 0.06980500029385439
      },
      "param_value": 16,
      "recall_vs_exact": 0.61739
    },
    {
      "latency_ms": {
        "mean": 0.02551420002419036,
        "p50": 0.024400000256719068,
        "p95": 0.03570500080058991
      },
      "param_value": 32,
      "recall_vs_exact": 0.81379
    },
    {
      "latency_ms": {
        "mean": 0.037231600002996856,
        "p50": 0.03409999953873921,
        "p95": 0.06180500035952718
      },
      "param_value": 64,
      "recall_vs_exact": 0.97175
    }
  ],
  "target_reached": true,
  "target_recall": 0.9,
  "topk": 100,
  "weighting": "bm25"
}