{
  "achieved_recall_vs_exact": 0.98473,
  "calibrated_param_value": 64,
  "dataset": "ml-1m",
  "dim": 128,
  "latency_ms_at_calibrated": {
    "mean": 0.03905739997935598,
    "p50": 0.037400000110210385,
    "p95": 0.048609999930704355
  },
  "method": "hnsw",
  "n_calibration_queries": 1000,
  "param_name": "ef",
  "seed": 42,
  "sweep": [
    {
      "latency_ms": {
        "mean": 0.012633200039999792,
        "p50": 0.01249999968422344,
        "p95": 0.016199999663513154
      },
      "param_value": 8,
      "recall_vs_exact": 0.59679
    },
    {
      "latency_ms": {
        "mean": 0.019366800004718243,
        "p50": 0.01849999989644857,
        "p95": 0.024300000404764432
      },
      "param_value": 16,
      "recall_vs_exact": 0.7672
    },
    {
      "latency_ms": {
        "mean": 0.02745860000504763,
        "p50": 0.025899999855028,
        "p95": 0.042499999835854396
      },
      "param_value": 32,
      "recall_vs_exact": 0.91271
    },
    {
      "latency_ms": {
        "mean": 0.03905739997935598,
        "p50": 0.037400000110210385,
        "p95": 0.048609999930704355
      },
      "param_value": 64,
      "recall_vs_exact": 0.98473
    }
  ],
  "target_reached": true,
  "target_recall": 0.98,
  "topk": 100,
  "weighting": "bm25"
}