{
  "method": "hnsw",
  "param_name": "ef",
  "target_recall": 0.9,
  "target_reached": true,
  "calibrated_param_value": 32,
  "achieved_recall_vs_exact": 0.91269,
  "latency_ms_at_calibrated": {
    "mean": 0.03891840004143887,
    "p50": 0.03739999920071568,
    "p95": 0.05090000013296958
  },
  "topk": 100,
  "n_calibration_queries": 1000,
  "seed": 42,
  "sweep": [
    {
      "param_value": 8,
      "recall_vs_exact": 0.59684,
      "latency_ms": {
        "mean": 0.021159800027817255,
        "p50": 0.020600000425474718,
        "p95": 0.026414999138069092
      }
    },
    {
      "param_value": 16,
      "recall_vs_exact": 0.76733,
      "latency_ms": {
        "mean": 0.02861880005002604,
        "p50": 0.02789999962260481,
        "p95": 0.03640499890025239
      }
    },
    {
      "param_value": 32,
      "recall_vs_exact": 0.91269,
      "latency_ms": {
        "mean": 0.03891840004143887,
        "p50": 0.03739999920071568,
        "p95": 0.05090000013296958
      }
    }
  ],
  "dataset": "ml-1m",
  "weighting": "bm25",
  "dim": 128
}