{
  "method": "hnsw",
  "param_name": "ef",
  "target_recall": 0.95,
  "target_reached": true,
  "calibrated_param_value": 64,
  "achieved_recall_vs_exact": 0.98485,
  "latency_ms_at_calibrated": {
    "mean": 0.05069360001652967,
    "p50": 0.04939999962516595,
    "p95": 0.06411500053218332
  },
  "topk": 100,
  "n_calibration_queries": 1000,
  "seed": 42,
  "sweep": [
    {
      "param_value": 8,
      "recall_vs_exact": 0.59684,
      "latency_ms": {
        "mean": 0.02324159997078823,
        "p50": 0.022199999875738285,
        "p95": 0.033604999407543794
      }
    },
    {
      "param_value": 16,
      "recall_vs_exact": 0.76733,
      "latency_ms": {
        "mean": 0.027699799960828386,
        "p50": 0.026950000574288424,
        "p95": 0.03529999967213371
      }
    },
    {
      "param_value": 32,
      "recall_vs_exact": 0.91269,
      "latency_ms": {
        "mean": 0.1832766000115953,
        "p50": 0.035799999750452116,
        "p95": 0.055809999321354546
      }
    },
    {
      "param_value": 64,
      "recall_vs_exact": 0.98485,
      "latency_ms": {
        "mean": 0.05069360001652967,
        "p50": 0.04939999962516595,
        "p95": 0.06411500053218332
      }
    }
  ],
  "dataset": "ml-1m",
  "weighting": "bm25",
  "dim": 128
}