{
  "achieved_recall_vs_exact": 0.91271,
  "calibrated_param_value": 32,
  "dataset": "ml-1m",
  "dim": 128,
  "latency_ms_at_calibrated": {
    "mean": 0.030895000005330076,
    "p50": 0.026100000468431972,
    "p95": 0.06465500000558663
  },
  "method": "hnsw",
  "n_calibration_queries": 1000,
  "param_name": "ef",
  "seed": 42,
  "sweep": [
    {
      "latency_ms": {
        "mean": 0.012797399978808244,
        "p50": 0.012600000445672777,
        "p95": 0.016105000668176214
      },
      "param_value": 8,
      "recall_vs_exact": 0.59679
    },
    {
      "latency_ms": {
        "mean": 0.018091600006300723,
        "p50": 0.017899999875226058,
        "p95": 0.021905000312472108
      },
      "param_value": 16,
      "recall_vs_exact": 0.7672
    },
    {
      "latency_ms": {
        "mean": 0.030895000005330076,
        "p50": 0.026100000468431972,
        "p95": 0.06465500000558663
      },
      "param_value": 32,
      "recall_vs_exact": 0.91271
    }
  ],
  "target_reached": true,
  "target_recall": 0.9,
  "topk": 100,
  "weighting": "bm25"
}