{
  "achieved_recall_vs_exact": 0.98473,
  "calibrated_param_value": 64,
  "dataset": "ml-1m",
  "dim": 128,
  "latency_ms_at_calibrated": {
    "mean": 0.03796599997258454,
    "p50": 0.037200000406301115,
    "p95": 0.04430500075613963
  },
  "method": "hnsw",
  "n_calibration_queries": 1000,
  "param_name": "ef",
  "seed": 42,
  "sweep": [
    {
      "latency_ms": {
        "mean": 0.012916400004542083,
        "p50": 0.012700000297627412,
        "p95": 0.016405000269514854
      },
      "param_value": 8,
      "recall_vs_exact": 0.59679
    },
    {
      "latency_ms": {
        "mean": 0.01947520002249803,
        "p50": 0.01849999989644857,
        "p95": 0.025040000264198135
      },
      "param_value": 16,
      "recall_vs_exact": 0.7672
    },
    {
      "latency_ms": {
        "mean": 0.02711900001304457,
        "p50": 0.026500000330997864,
        "p95": 0.03432500016060656
      },
      "param_value": 32,
      "recall_vs_exact": 0.91271
    },
    {
      "latency_ms": {
        "mean": 0.03796599997258454,
        "p50": 0.037200000406301115,
        "p95": 0.04430500075613963
      },
      "param_value": 64,
      "recall_vs_exact": 0.98473
    }
  ],
  "target_reached": true,
  "target_recall": 0.95,
  "topk": 100,
  "weighting": "bm25"
}