{
  "method": "hnsw",
  "param_name": "ef",
  "target_recall": 0.98,
  "target_reached": true,
  "calibrated_param_value": 64,
  "achieved_recall_vs_exact": 0.98485,
  "latency_ms_at_calibrated": {
    "mean": 0.05089760000919341,
    "p50": 0.049900000703928526,
    "p95": 0.06271000083870602
  },
  "topk": 100,
  "n_calibration_queries": 1000,
  "seed": 42,
  "sweep": [
    {
      "param_value": 8,
      "recall_vs_exact": 0.59684,
      "latency_ms": {
        "mean": 0.022222599989618175,
        "p50": 0.021500000002561137,
        "p95": 0.028924999969603935
      }
    },
    {
      "param_value": 16,
      "recall_vs_exact": 0.76733,
      "latency_ms": {
        "mean": 0.03196460004983237,
        "p50": 0.027300000510877,
        "p95": 0.04760999872814863
      }
    },
    {
      "param_value": 32,
      "recall_vs_exact": 0.91269,
      "latency_ms": {
        "mean": 0.04123140003866865,
        "p50": 0.03665000076580327,
        "p95": 0.05172000073798697
      }
    },
    {
      "param_value": 64,
      "recall_vs_exact": 0.98485,
      "latency_ms": {
        "mean": 0.05089760000919341,
        "p50": 0.049900000703928526,
        "p95": 0.06271000083870602
      }
    }
  ],
  "dataset": "ml-1m",
  "weighting": "bm25",
  "dim": 128
}