{
  "method": "hnsw",
  "param_name": "ef",
  "target_recall": 0.95,
  "target_reached": true,
  "calibrated_param_value": 64,
  "achieved_recall_vs_exact": 0.9603,
  "latency_ms_at_calibrated": {
    "mean": 0.08573180005987524,
    "p50": 0.08229999912146013,
    "p95": 0.12450500025806832
  },
  "topk": 100,
  "n_calibration_queries": 1000,
  "seed": 42,
  "sweep": [
    {
      "param_value": 8,
      "recall_vs_exact": 0.5406,
      "latency_ms": {
        "mean": 0.044207399972947314,
        "p50": 0.04015000013168901,
        "p95": 0.06130499932623933
      }
    },
    {
      "param_value": 16,
      "recall_vs_exact": 0.70248,
      "latency_ms": {
        "mean": 0.056002199977228884,
        "p50": 0.0502500006405171,
        "p95": 0.07961499859447939
      }
    },
    {
      "param_value": 32,
      "recall_vs_exact": 0.86406,
      "latency_ms": {
        "mean": 0.062026599971432006,
        "p50": 0.058849999732046854,
        "p95": 0.08701500037204822
      }
    },
    {
      "param_value": 64,
      "recall_vs_exact": 0.9603,
      "latency_ms": {
        "mean": 0.08573180005987524,
        "p50": 0.08229999912146013,
        "p95": 0.12450500025806832
      }
    }
  ],
  "dataset": "ml-20m",
  "weighting": "bm25",
  "dim": 128
}