{
  "method": "hnsw",
  "param_name": "ef",
  "target_recall": 0.9,
  "target_reached": true,
  "calibrated_param_value": 64,
  "achieved_recall_vs_exact": 0.9603,
  "latency_ms_at_calibrated": {
    "mean": 0.08217359994159779,
    "p50": 0.07960000039020088,
    "p95": 0.11063000001740872
  },
  "topk": 100,
  "n_calibration_queries": 1000,
  "seed": 42,
  "sweep": [
    {
      "param_value": 8,
      "recall_vs_exact": 0.5406,
      "latency_ms": {
        "mean": 0.04033479999634437,
        "p50": 0.0380000001314329,
        "p95": 0.05731499977628117
      }
    },
    {
      "param_value": 16,
      "recall_vs_exact": 0.70248,
      "latency_ms": {
        "mean": 0.059113799998158356,
        "p50": 0.05160000000614673,
        "p95": 0.08012000052985967
      }
    },
    {
      "param_value": 32,
      "recall_vs_exact": 0.86406,
      "latency_ms": {
        "mean": 0.06332460001431173,
        "p50": 0.0593999993725447,
        "p95": 0.08860999978423932
      }
    },
    {
      "param_value": 64,
      "recall_vs_exact": 0.9603,
      "latency_ms": {
        "mean": 0.08217359994159779,
        "p50": 0.07960000039020088,
        "p95": 0.11063000001740872
      }
    }
  ],
  "dataset": "ml-20m",
  "weighting": "bm25",
  "dim": 128
}