{
  "achieved_recall_vs_exact": 0.98655,
  "calibrated_param_value": 64,
  "calibration_fingerprint": "28c9b7a83743318a",
  "dataset": "ml-20m",
  "dim": 128,
  "latency_ms_at_calibrated": {
    "mean": 0.10426080001889204,
    "p50": 0.10095000016008271,
    "p95": 0.1713049992758897,
    "p99": 0.21814199998516412
  },
  "method": "hnsw",
  "modality": "i2i",
  "n_calibration_queries": 1000,
  "param_name": "ef",
  "query_fingerprint": "ad47fb948519416b",
  "query_source": "shared_modality_query_cache",
  "seed": 42,
  "selected_param_value": 64,
  "sweep": [
    {
      "latency_ms": {
        "mean": 0.020041400013724342,
        "p50": 0.01674999975875835,
        "p95": 0.03800999925260839,
        "p99": 0.04790200002389611
      },
      "param_value": 8,
      "recall_vs_exact": 0.57655
    },
    {
      "latency_ms": {
        "mean": 0.05331220000698522,
        "p50": 0.053250000291882316,
        "p95": 0.08722500006115294,
        "p99": 0.10320699911062547
      },
      "param_value": 16,
      "recall_vs_exact": 0.75585
    },
    {
      "latency_ms": {
        "mean": 0.04258720001416805,
        "p50": 0.038300000596791506,
        "p95": 0.0662399993416329,
        "p99": 0.12275000024601464
      },
      "param_value": 32,
      "recall_vs_exact": 0.91016
    },
    {
      "latency_ms": {
        "mean": 0.10426080001889204,
        "p50": 0.10095000016008271,
        "p95": 0.1713049992758897,
        "p99": 0.21814199998516412
      },
      "param_value": 64,
      "recall_vs_exact": 0.98655
    }
  ],
  "target_reached": true,
  "target_recall": 0.98,
  "topk": 100,
  "weighting": "bm25"
}