{
  "achieved_recall_vs_exact": 0.9594,
  "calibrated_param_value": 64,
  "dataset": "ml-20m",
  "dim": 128,
  "latency_ms_at_calibrated": {
    "mean": 0.052484199970422196,
    "p50": 0.0473000000056345,
    "p95": 0.08680999990247064
  },
  "method": "hnsw",
  "n_calibration_queries": 1000,
  "param_name": "ef",
  "seed": 42,
  "sweep": [
    {
      "latency_ms": {
        "mean": 0.01902059998610639,
        "p50": 0.017999999727180693,
        "p95": 0.028499999689302058
      },
      "param_value": 8,
      "recall_vs_exact": 0.53996
    },
    {
      "latency_ms": {
        "mean": 0.023343800030488637,
        "p50": 0.022900000203662785,
        "p95": 0.03230499951314413
      },
      "param_value": 16,
      "recall_vs_exact": 0.70123
    },
    {
      "latency_ms": {
        "mean": 0.03767939998579095,
        "p50": 0.03509999987727497,
        "p95": 0.05257499960862326
      },
      "param_value": 32,
      "recall_vs_exact": 0.86416
    },
    {
      "latency_ms": {
        "mean": 0.052484199970422196,
        "p50": 0.0473000000056345,
        "p95": 0.08680999990247064
      },
      "param_value": 64,
      "recall_vs_exact": 0.9594
    }
  ],
  "target_reached": true,
  "target_recall": 0.95,
  "topk": 100,
  "weighting": "bm25"
}