{
  "achieved_recall_vs_exact": 0.9594,
  "calibrated_param_value": 64,
  "dataset": "ml-20m",
  "dim": 128,
  "latency_ms_at_calibrated": {
    "mean": 0.04817239996918943,
    "p50": 0.04649999982575537,
    "p95": 0.06271999995988152
  },
  "method": "hnsw",
  "n_calibration_queries": 1000,
  "param_name": "ef",
  "seed": 42,
  "sweep": [
    {
      "latency_ms": {
        "mean": 0.016881000003195368,
        "p50": 0.0152000002344721,
        "p95": 0.03116000029876881
      },
      "param_value": 8,
      "recall_vs_exact": 0.53996
    },
    {
      "latency_ms": {
        "mean": 0.02215680001063447,
        "p50": 0.021599999854515772,
        "p95": 0.030005000144228685
      },
      "param_value": 16,
      "recall_vs_exact": 0.70123
    },
    {
      "latency_ms": {
        "mean": 0.03235940001468407,
        "p50": 0.03130000004603062,
        "p95": 0.0432100006037217
      },
      "param_value": 32,
      "recall_vs_exact": 0.86416
    },
    {
      "latency_ms": {
        "mean": 0.04817239996918943,
        "p50": 0.04649999982575537,
        "p95": 0.06271999995988152
      },
      "param_value": 64,
      "recall_vs_exact": 0.9594
    }
  ],
  "target_reached": true,
  "target_recall": 0.9,
  "topk": 100,
  "weighting": "bm25"
}