{
  "D": 128,
  "N": 3533,
  "ann_recall_vs_exact_at_100_mean": 1.0,
  "ann_recall_vs_exact_at_k_mean": 1.0,
  "coverage_at_k": 0.37928106425134445,
  "dataset": "ml-1m",
  "detected_method": "flat",
  "dim": 128,
  "ef": 128,
  "gini_exposure": 0.8964998886862549,
  "hr_at_k_mean": 0.07540603248259861,
  "long_tail_exposure": 0.0,
  "long_tail_uplift": -0.005502092270719804,
  "map_at_k_mean": 0.02490838949655655,
  "method": "flat",
  "metric_topk": 10,
  "min_user_interactions": 5,
  "modality": "u2i",
  "mrr_at_k_mean": 0.02490838949655655,
  "ndcg_at_k_mean": 0.03653405044377095,
  "nprobe": 16,
  "precision_at_k_mean": 0.0075406032482598605,
  "queries": 6034,
  "query_fingerprint": "91ee1112fd102368",
  "recall_at_100_mean": 0.3420616506463374,
  "recall_at_k_mean": 0.07540603248259861,
  "seed": 42,
  "tail_frac": 0.2,
  "topk": 100,
  "weighting": "svd_none"
}