{
  "D": 128,
  "N": 3533,
  "ann_recall_vs_exact_at_100_mean": 0.796983758700696,
  "ann_recall_vs_exact_at_k_mean": 0.6391614186277759,
  "coverage_at_k": 0.21992640815171244,
  "dataset": "ml-1m",
  "detected_method": "flatpq",
  "dim": 128,
  "ef": 128,
  "gini_exposure": 0.971571942406559,
  "hr_at_k_mean": 0.07457739476300962,
  "long_tail_exposure": 3.314550878355983e-05,
  "long_tail_uplift": -0.005468946761936245,
  "map_at_k_mean": 0.0250326851544949,
  "method": "flatpq",
  "metric_topk": 10,
  "min_user_interactions": 5,
  "modality": "u2i",
  "mrr_at_k_mean": 0.0250326851544949,
  "ndcg_at_k_mean": 0.03644032411899051,
  "nprobe": 16,
  "precision_at_k_mean": 0.007457739476300961,
  "queries": 6034,
  "query_fingerprint": "1d3bb987b41fbdd4",
  "recall_at_100_mean": 0.33592973152137884,
  "recall_at_k_mean": 0.07457739476300962,
  "seed": 42,
  "tail_frac": 0.2,
  "topk": 100,
  "weighting": "svd_tfidf"
}