{
  "D": 128,
  "N": 3533,
  "ann_recall_vs_exact_at_100_mean": 0.9458253231687105,
  "ann_recall_vs_exact_at_k_mean": 0.8896088829963542,
  "coverage_at_k": 0.3226719501839796,
  "dataset": "ml-1m",
  "detected_method": "ivfpq",
  "dim": 128,
  "ef": 128,
  "gini_exposure": 0.9416869178251255,
  "hr_at_k_mean": 0.06811402055021544,
  "long_tail_exposure": 0.0,
  "long_tail_uplift": -0.005502092270719804,
  "map_at_k_mean": 0.021426795776315167,
  "method": "ivfpq",
  "metric_topk": 10,
  "min_user_interactions": 5,
  "modality": "u2i",
  "mrr_at_k_mean": 0.021426795776315167,
  "ndcg_at_k_mean": 0.03214254323451998,
  "nprobe": 32,
  "precision_at_k_mean": 0.006811402055021545,
  "queries": 6034,
  "query_fingerprint": "a070fa206c68cc76",
  "recall_at_100_mean": 0.3293006297646669,
  "recall_at_k_mean": 0.06811402055021544,
  "seed": 42,
  "tail_frac": 0.2,
  "topk": 100,
  "weighting": "bpr_matrix_factorization"
}