{
  "D": 128,
  "N": 3533,
  "ann_recall_vs_exact_at_100_mean": 0.9600215445807094,
  "ann_recall_vs_exact_at_k_mean": 0.997729532648326,
  "coverage_at_k": 0.31474667421454855,
  "dataset": "ml-1m",
  "detected_method": "ivfflat",
  "dim": 128,
  "ef": 128,
  "gini_exposure": 0.9440098147482222,
  "hr_at_k_mean": 0.06927411335764004,
  "long_tail_exposure": 0.0,
  "long_tail_uplift": -0.005502092270719804,
  "map_at_k_mean": 0.022080827690705053,
  "method": "ivfflat",
  "metric_topk": 10,
  "min_user_interactions": 5,
  "modality": "u2i",
  "mrr_at_k_mean": 0.022080827690705053,
  "ndcg_at_k_mean": 0.03291667079300087,
  "nprobe": 8,
  "precision_at_k_mean": 0.006927411335764005,
  "queries": 6034,
  "query_fingerprint": "a070fa206c68cc76",
  "recall_at_100_mean": 0.3269804441498177,
  "recall_at_k_mean": 0.06927411335764004,
  "seed": 42,
  "tail_frac": 0.2,
  "topk": 100,
  "weighting": "bpr_matrix_factorization"
}