{
  "D": 128,
  "N": 3533,
  "ann_recall_vs_exact_at_100_mean": 0.973127278753729,
  "ann_recall_vs_exact_at_k_mean": 0.9998176997016903,
  "coverage_at_k": 0.23973959807529013,
  "dataset": "ml-1m",
  "detected_method": "hnsw",
  "dim": 128,
  "ef": 64,
  "gini_exposure": 0.9640791529385188,
  "hr_at_k_mean": 0.08253231687106397,
  "long_tail_exposure": 1.6572754391779913e-05,
  "long_tail_uplift": -0.005485519516328024,
  "map_at_k_mean": 0.030105394826143914,
  "method": "hnsw",
  "metric_topk": 10,
  "min_user_interactions": 5,
  "modality": "u2i",
  "mrr_at_k_mean": 0.030105394826143914,
  "ndcg_at_k_mean": 0.042214182423855044,
  "nprobe": 16,
  "precision_at_k_mean": 0.008253231687106398,
  "queries": 6034,
  "query_fingerprint": "1d3bb987b41fbdd4",
  "recall_at_100_mean": 0.3433874709976798,
  "recall_at_k_mean": 0.08253231687106397,
  "seed": 42,
  "tail_frac": 0.2,
  "topk": 100,
  "weighting": "svd_tfidf"
}