{
  "D": 128,
  "N": 3533,
  "ann_recall_vs_exact_at_100_mean": 0.9467998011269473,
  "ann_recall_vs_exact_at_k_mean": 0.8892277096453431,
  "coverage_at_k": 0.3232380413246533,
  "dataset": "ml-1m",
  "detected_method": "ivfpq",
  "dim": 128,
  "ef": 128,
  "gini_exposure": 0.9424806838050743,
  "hr_at_k_mean": 0.07059993370898243,
  "long_tail_exposure": 0.0,
  "long_tail_uplift": -0.005502092270719804,
  "map_at_k_mean": 0.022483834987978176,
  "method": "ivfpq",
  "metric_topk": 10,
  "min_user_interactions": 5,
  "modality": "u2i",
  "mrr_at_k_mean": 0.022483834987978176,
  "ndcg_at_k_mean": 0.03354562779942522,
  "nprobe": 32,
  "precision_at_k_mean": 0.007059993370898242,
  "queries": 6034,
  "query_fingerprint": "a070fa206c68cc76",
  "recall_at_100_mean": 0.33261518064302287,
  "recall_at_k_mean": 0.07059993370898243,
  "seed": 42,
  "tail_frac": 0.2,
  "topk": 100,
  "weighting": "bpr_matrix_factorization"
}