{
  "D": 128,
  "N": 3533,
  "ann_recall_vs_exact_at_100_mean": 0.7818346039111701,
  "ann_recall_vs_exact_at_k_mean": 0.6524693404043752,
  "coverage_at_k": 0.3682422870082083,
  "dataset": "ml-1m",
  "detected_method": "ivfpq",
  "dim": 128,
  "ef": 128,
  "gini_exposure": 0.9149802313731012,
  "hr_at_k_mean": 0.07441166721909181,
  "long_tail_exposure": 0.0,
  "long_tail_uplift": -0.005502092270719804,
  "map_at_k_mean": 0.026085910002051866,
  "method": "ivfpq",
  "metric_topk": 10,
  "min_user_interactions": 5,
  "modality": "u2i",
  "mrr_at_k_mean": 0.026085910002051866,
  "ndcg_at_k_mean": 0.037169085731272686,
  "nprobe": 64,
  "precision_at_k_mean": 0.0074411667219091825,
  "queries": 6034,
  "query_fingerprint": "91ee1112fd102368",
  "recall_at_100_mean": 0.33460391117003646,
  "recall_at_k_mean": 0.07441166721909181,
  "seed": 42,
  "tail_frac": 0.2,
  "topk": 100,
  "weighting": "svd_none"
}