{
  "D": 128,
  "N": 3533,
  "ann_recall_vs_exact_at_100_mean": 1.0,
  "ann_recall_vs_exact_at_k_mean": 1.0,
  "coverage_at_k": 0.3133314463628644,
  "dataset": "ml-1m",
  "detected_method": "flat",
  "dim": 128,
  "ef": 128,
  "gini_exposure": 0.944893185243991,
  "hr_at_k_mean": 0.07126284388465363,
  "long_tail_exposure": 0.0,
  "long_tail_uplift": -0.005502092270719804,
  "map_at_k_mean": 0.022581561626970975,
  "method": "flat",
  "metric_topk": 10,
  "min_user_interactions": 5,
  "modality": "u2i",
  "mrr_at_k_mean": 0.022581561626970975,
  "ndcg_at_k_mean": 0.03377227126501955,
  "nprobe": 16,
  "precision_at_k_mean": 0.007126284388465363,
  "queries": 6034,
  "query_fingerprint": "a070fa206c68cc76",
  "recall_at_100_mean": 0.33278090818694067,
  "recall_at_k_mean": 0.07126284388465363,
  "seed": 42,
  "tail_frac": 0.2,
  "topk": 100,
  "weighting": "bpr_matrix_factorization"
}