{
  "D": 128,
  "N": 3533,
  "ann_recall_vs_exact_at_100_mean": 0.9062048392442822,
  "ann_recall_vs_exact_at_k_mean": 0.7894763009612199,
  "coverage_at_k": 0.3240871780356637,
  "dataset": "ml-1m",
  "detected_method": "flatpq",
  "dim": 128,
  "ef": 128,
  "gini_exposure": 0.9411251891700404,
  "hr_at_k_mean": 0.06678820019887305,
  "long_tail_exposure": 0.0,
  "long_tail_uplift": -0.005502092270719804,
  "map_at_k_mean": 0.022466078465415557,
  "method": "flatpq",
  "metric_topk": 10,
  "min_user_interactions": 5,
  "modality": "u2i",
  "mrr_at_k_mean": 0.022466078465415557,
  "ndcg_at_k_mean": 0.032640795932948184,
  "nprobe": 16,
  "precision_at_k_mean": 0.006678820019887305,
  "queries": 6034,
  "query_fingerprint": "a070fa206c68cc76",
  "recall_at_100_mean": 0.3297978123964203,
  "recall_at_k_mean": 0.06678820019887305,
  "seed": 42,
  "tail_frac": 0.2,
  "topk": 100,
  "weighting": "bpr_matrix_factorization"
}