{
  "D": 128,
  "N": 3533,
  "ann_recall_vs_exact_at_100_mean": 0.968193569771296,
  "ann_recall_vs_exact_at_k_mean": 0.9999171362280411,
  "coverage_at_k": 0.3133314463628644,
  "dataset": "ml-1m",
  "detected_method": "hnsw",
  "dim": 128,
  "ef": 64,
  "gini_exposure": 0.9440311956184508,
  "hr_at_k_mean": 0.06910838581372224,
  "long_tail_exposure": 0.0,
  "long_tail_uplift": -0.005502092270719804,
  "map_at_k_mean": 0.022064254936313275,
  "method": "hnsw",
  "metric_topk": 10,
  "min_user_interactions": 5,
  "modality": "u2i",
  "mrr_at_k_mean": 0.022064254936313275,
  "ndcg_at_k_mean": 0.03286876478930218,
  "nprobe": 16,
  "precision_at_k_mean": 0.0069108385813722245,
  "queries": 6034,
  "query_fingerprint": "a070fa206c68cc76",
  "recall_at_100_mean": 0.3306264501160093,
  "recall_at_k_mean": 0.06910838581372224,
  "seed": 42,
  "tail_frac": 0.2,
  "topk": 100,
  "weighting": "bpr_matrix_factorization"
}