{
  "D": 128,
  "N": 3533,
  "ann_recall_vs_exact_at_100_mean": 0.857886973815048,
  "ann_recall_vs_exact_at_k_mean": 0.7479781239642027,
  "coverage_at_k": 0.24568355505236342,
  "dataset": "ml-1m",
  "detected_method": "ivfpq",
  "dim": 128,
  "ef": 128,
  "gini_exposure": 0.9615431509398437,
  "hr_at_k_mean": 0.08203513423931057,
  "long_tail_exposure": 1.6572754391779913e-05,
  "long_tail_uplift": -0.005485519516328024,
  "map_at_k_mean": 0.029471092381268053,
  "method": "ivfpq",
  "metric_topk": 10,
  "min_user_interactions": 5,
  "modality": "u2i",
  "mrr_at_k_mean": 0.029471092381268053,
  "ndcg_at_k_mean": 0.04164885837504162,
  "nprobe": 64,
  "precision_at_k_mean": 0.008203513423931058,
  "queries": 6034,
  "query_fingerprint": "1d3bb987b41fbdd4",
  "recall_at_100_mean": 0.3471992045077892,
  "recall_at_k_mean": 0.08203513423931057,
  "seed": 42,
  "tail_frac": 0.2,
  "topk": 100,
  "weighting": "svd_tfidf"
}