{
  "D": 128,
  "N": 3533,
  "ann_recall_vs_exact_at_100_mean": 0.9096967185946305,
  "ann_recall_vs_exact_at_k_mean": 0.7945309910507128,
  "coverage_at_k": 0.32153976790263233,
  "dataset": "ml-1m",
  "detected_method": "flatpq",
  "dim": 128,
  "ef": 128,
  "gini_exposure": 0.941431463803425,
  "hr_at_k_mean": 0.07126284388465363,
  "long_tail_exposure": 0.0,
  "long_tail_uplift": -0.005502092270719804,
  "map_at_k_mean": 0.02259655602380163,
  "method": "flatpq",
  "metric_topk": 10,
  "min_user_interactions": 5,
  "modality": "u2i",
  "mrr_at_k_mean": 0.02259655602380163,
  "ndcg_at_k_mean": 0.03380871677773343,
  "nprobe": 16,
  "precision_at_k_mean": 0.007126284388465363,
  "queries": 6034,
  "query_fingerprint": "a070fa206c68cc76",
  "recall_at_100_mean": 0.33626118660921445,
  "recall_at_k_mean": 0.07126284388465363,
  "seed": 42,
  "tail_frac": 0.2,
  "topk": 100,
  "weighting": "bpr_matrix_factorization"
}