{
  "D": 128,
  "N": 3533,
  "ann_recall_vs_exact_at_100_mean": 0.9410556844547564,
  "ann_recall_vs_exact_at_k_mean": 0.9894763009612197,
  "coverage_at_k": 0.3787149731106708,
  "dataset": "ml-1m",
  "detected_method": "ivfflat",
  "dim": 128,
  "ef": 128,
  "gini_exposure": 0.896785063900094,
  "hr_at_k_mean": 0.0755717600265164,
  "long_tail_exposure": 0.0,
  "long_tail_uplift": -0.005502092270719804,
  "map_at_k_mean": 0.02492502801584671,
  "method": "ivfflat",
  "metric_topk": 10,
  "min_user_interactions": 5,
  "modality": "u2i",
  "mrr_at_k_mean": 0.02492502801584671,
  "ndcg_at_k_mean": 0.03658239203028679,
  "nprobe": 16,
  "precision_at_k_mean": 0.0075571760026516424,
  "queries": 6034,
  "query_fingerprint": "91ee1112fd102368",
  "recall_at_100_mean": 0.3329466357308585,
  "recall_at_k_mean": 0.0755717600265164,
  "seed": 42,
  "tail_frac": 0.2,
  "topk": 100,
  "weighting": "svd_none"
}