{
  "D": 128,
  "N": 3533,
  "ann_recall_vs_exact_at_100_mean": 0.7173400729201194,
  "ann_recall_vs_exact_at_k_mean": 0.5636559496188267,
  "coverage_at_k": 0.3390885932635154,
  "dataset": "ml-1m",
  "detected_method": "flatpq",
  "dim": 128,
  "ef": 128,
  "gini_exposure": 0.9301294175912869,
  "hr_at_k_mean": 0.06695392774279085,
  "long_tail_exposure": 0.0,
  "long_tail_uplift": -0.005502092270719804,
  "map_at_k_mean": 0.02454181595298599,
  "method": "flatpq",
  "metric_topk": 10,
  "min_user_interactions": 5,
  "modality": "u2i",
  "mrr_at_k_mean": 0.02454181595298599,
  "ndcg_at_k_mean": 0.03430505832197925,
  "nprobe": 16,
  "precision_at_k_mean": 0.006695392774279086,
  "queries": 6034,
  "query_fingerprint": "91ee1112fd102368",
  "recall_at_100_mean": 0.3208485250248591,
  "recall_at_k_mean": 0.06695392774279085,
  "seed": 42,
  "tail_frac": 0.2,
  "topk": 100,
  "weighting": "svd_none"
}